dd-mm-yy,value
01-01-1992,1.11
02-01-1992,1.04
03-01-1992,1.04
04-01-1992,1.05
05-01-1992,1.12
06-01-1992,1.14
07-01-1992,1.2
08-01-1992,1.23
09-01-1992,1.25
10-01-1992,1.31
11-01-1992,1.28
12-01-1992,1.32
13-01-1992,1.25
14-01-1992,1.17
15-01-1992,1.11
16-01-1992,1.12
17-01-1992,1.17
18-01-1992,1.18
19-01-1992,1.18
20-01-1992,1.18
21-01-1992,1.15
22-01-1992,1.14
23-01-1992,1.12
24-01-1992,1.11
25-01-1992,1.09
26-01-1992,1.05
27-01-1992,1.04
28-01-1992,0.97
29-01-1992,0.91
30-01-1992,0.84
31-01-1992,0.8
01-02-1992,0.81
02-02-1992,0.88
03-02-1992,0.94
04-02-1992,0.93
05-02-1992,0.96
06-02-1992,0.95
07-02-1992,0.92
08-02-1992,0.92
09-02-1992,0.94
10-02-1992,0.99
11-02-1992,0.98
12-02-1992,0.92
13-02-1992,0.89
14-02-1992,0.83
15-02-1992,0.74
16-02-1992,0.65
17-02-1992,0.64
18-02-1992,0.64
19-02-1992,0.58
20-02-1992,0.55
21-02-1992,0.56
22-02-1992,0.59
23-02-1992,0.63
24-02-1992,0.7
25-02-1992,0.68
26-02-1992,0.7
27-02-1992,0.7
28-02-1992,0.66
01-03-1992,0.63
02-03-1992,0.76
03-03-1992,0.75
04-03-1992,0.7
05-03-1992,0.77
06-03-1992,0.73
07-03-1992,0.75
08-03-1992,0.79
09-03-1992,0.86
10-03-1992,0.88
11-03-1992,0.86
12-03-1992,0.86
13-03-1992,0.81
14-03-1992,0.73
15-03-1992,0.64
16-03-1992,0.58
17-03-1992,0.47
18-03-1992,0.36
19-03-1992,0.33
20-03-1992,0.42
21-03-1992,0.56
22-03-1992,0.7
23-03-1992,0.74
24-03-1992,0.73
25-03-1992,0.69
26-03-1992,0.62
27-03-1992,0.58
28-03-1992,0.54
29-03-1992,0.51
30-03-1992,0.48
31-03-1992,0.46
01-04-1992,0.38
02-04-1992,0.33
03-04-1992,0.33
04-04-1992,0.36
05-04-1992,0.41
06-04-1992,0.44
07-04-1992,0.51
08-04-1992,0.62
09-04-1992,0.71
10-04-1992,0.8
11-04-1992,0.8
12-04-1992,0.82
13-04-1992,0.81
14-04-1992,0.75
15-04-1992,0.6
16-04-1992,0.47
17-04-1992,0.39
18-04-1992,0.38
19-04-1992,0.4
20-04-1992,0.39
21-04-1992,0.42
22-04-1992,0.45
23-04-1992,0.46
24-04-1992,0.45
25-04-1992,0.47
26-04-1992,0.5
27-04-1992,0.48
28-04-1992,0.46
29-04-1992,0.41
30-04-1992,0.37
01-05-1992,0.3
02-05-1992,0.3
03-05-1992,0.34
04-05-1992,0.39
05-05-1992,0.42
06-05-1992,0.48
07-05-1992,0.52
08-05-1992,0.55
09-05-1992,0.54
10-05-1992,0.5
11-05-1992,0.47
12-05-1992,0.43
13-05-1992,0.36
14-05-1992,0.31
15-05-1992,0.28
16-05-1992,0.28
17-05-1992,0.35
18-05-1992,0.42
19-05-1992,0.46
20-05-1992,0.52
21-05-1992,0.55
22-05-1992,0.6
23-05-1992,0.64
24-05-1992,0.67
25-05-1992,0.7
26-05-1992,0.7
27-05-1992,0.64
28-05-1992,0.56
29-05-1992,0.53
30-05-1992,0.56
31-05-1992,0.6
01-06-1992,0.57
02-06-1992,0.62
03-06-1992,0.64
04-06-1992,0.66
05-06-1992,0.69
06-06-1992,0.67
07-06-1992,0.61
08-06-1992,0.58
09-06-1992,0.59
10-06-1992,0.56
11-06-1992,0.63
12-06-1992,0.67
13-06-1992,0.7
14-06-1992,0.74
15-06-1992,0.78
16-06-1992,0.81
17-06-1992,0.84
18-06-1992,0.87
19-06-1992,0.83
20-06-1992,0.77
21-06-1992,0.79
22-06-1992,0.77
23-06-1992,0.78
24-06-1992,0.85
25-06-1992,0.9
26-06-1992,0.85
27-06-1992,0.82
28-06-1992,0.98
29-06-1992,1.23
30-06-1992,1.52
01-07-1992,1.73
02-07-1992,1.76
03-07-1992,1.68
04-07-1992,1.6
05-07-1992,1.52
06-07-1992,1.44
07-07-1992,1.36
08-07-1992,1.28
09-07-1992,1.22
10-07-1992,1.14
11-07-1992,1.1
12-07-1992,1.08
13-07-1992,1.1
14-07-1992,1.16
15-07-1992,1.26
16-07-1992,1.35
17-07-1992,1.4
18-07-1992,1.4
19-07-1992,1.39
20-07-1992,1.39
21-07-1992,1.37
22-07-1992,1.34
23-07-1992,1.3
24-07-1992,1.33
25-07-1992,1.36
26-07-1992,1.48
27-07-1992,1.7
28-07-1992,2.03
29-07-1992,2.37
30-07-1992,2.48
31-07-1992,2.49
01-08-1992,2.47
02-08-1992,2.42
03-08-1992,2.36
04-08-1992,2.33
05-08-1992,2.3
06-08-1992,2.26
07-08-1992,2.21
08-08-1992,2.19
09-08-1992,2.18
10-08-1992,2.19
11-08-1992,2.17
12-08-1992,2.18
13-08-1992,2.24
14-08-1992,2.32
15-08-1992,2.42
16-08-1992,2.5
17-08-1992,2.64
18-08-1992,2.8
19-08-1992,2.91
20-08-1992,2.97
21-08-1992,3.03
22-08-1992,3.09
23-08-1992,3.14
24-08-1992,3.2
25-08-1992,3.23
26-08-1992,3.27
27-08-1992,3.32
28-08-1992,3.36
29-08-1992,3.4
30-08-1992,3.46
31-08-1992,3.49
01-09-1992,3.52
02-09-1992,3.56
03-09-1992,3.56
04-09-1992,3.56
05-09-1992,3.54
06-09-1992,3.53
07-09-1992,3.5
08-09-1992,3.46
09-09-1992,3.42
10-09-1992,3.39
11-09-1992,3.38
12-09-1992,3.37
13-09-1992,3.39
14-09-1992,3.42
15-09-1992,3.43
16-09-1992,3.43
17-09-1992,3.4
18-09-1992,3.38
19-09-1992,3.36
20-09-1992,3.33
21-09-1992,3.32
22-09-1992,3.32
23-09-1992,3.34
24-09-1992,3.36
25-09-1992,3.38
26-09-1992,3.43
27-09-1992,3.47
28-09-1992,3.49
29-09-1992,3.52
30-09-1992,3.51
01-10-1992,3.51
02-10-1992,3.51
03-10-1992,3.5
04-10-1992,3.5
05-10-1992,3.49
06-10-1992,3.47
07-10-1992,3.44
08-10-1992,3.42
09-10-1992,3.39
10-10-1992,3.39
11-10-1992,3.4
12-10-1992,3.41
13-10-1992,3.4
14-10-1992,3.39
15-10-1992,3.37
16-10-1992,3.35
17-10-1992,3.33
18-10-1992,3.3
19-10-1992,3.24
20-10-1992,3.18
21-10-1992,3.11
22-10-1992,3.04
23-10-1992,2.98
24-10-1992,2.92
25-10-1992,2.89
26-10-1992,2.91
27-10-1992,2.96
28-10-1992,3.01
29-10-1992,3.06
30-10-1992,3.09
31-10-1992,3.1
01-11-1992,3.11
02-11-1992,3.12
03-11-1992,3.1
04-11-1992,3.05
05-11-1992,2.99
06-11-1992,2.94
07-11-1992,2.9
08-11-1992,2.88
09-11-1992,2.85
10-11-1992,2.82
11-11-1992,2.76
12-11-1992,2.72
13-11-1992,2.67
14-11-1992,2.62
15-11-1992,2.6
16-11-1992,2.54
17-11-1992,2.48
18-11-1992,2.41
19-11-1992,2.35
20-11-1992,2.3
21-11-1992,2.28
22-11-1992,2.24
23-11-1992,2.21
24-11-1992,2.17
25-11-1992,2.14
26-11-1992,2.12
27-11-1992,2.1
28-11-1992,2.06
29-11-1992,2.01
30-11-1992,1.96
01-12-1992,1.89
02-12-1992,1.85
03-12-1992,1.79
04-12-1992,1.74
05-12-1992,1.72
06-12-1992,1.68
07-12-1992,1.67
08-12-1992,1.67
09-12-1992,1.68
10-12-1992,1.69
11-12-1992,1.69
12-12-1992,1.67
13-12-1992,1.64
14-12-1992,1.63
15-12-1992,1.64
16-12-1992,1.61
17-12-1992,1.54
18-12-1992,1.47
19-12-1992,1.41
20-12-1992,1.42
21-12-1992,1.41
22-12-1992,1.4
23-12-1992,1.38
24-12-1992,1.4
25-12-1992,1.42
26-12-1992,1.34
27-12-1992,1.32
28-12-1992,1.28
29-12-1992,1.24
30-12-1992,1.17
31-12-1992,1.14
01-06-1998,0.47
02-06-1998,0.41
03-06-1998,0.37
04-06-1998,0.36
05-06-1998,0.4
06-06-1998,0.43
07-06-1998,0.47
08-06-1998,0.51
09-06-1998,0.55
10-06-1998,0.57
11-06-1998,0.61
12-06-1998,0.67
13-06-1998,0.73
14-06-1998,0.74
15-06-1998,0.69
16-06-1998,0.62
17-06-1998,0.56
18-06-1998,0.54
19-06-1998,0.55
20-06-1998,0.56
21-06-1998,0.62
22-06-1998,0.65
23-06-1998,0.67
24-06-1998,0.63
25-06-1998,0.64
26-06-1998,0.65
27-06-1998,0.64
28-06-1998,0.62
29-06-1998,0.63
30-06-1998,0.57
01-07-1998,0.54
02-07-1998,0.52
03-07-1998,0.56
04-07-1998,0.64
05-07-1998,0.72
06-07-1998,0.85
07-07-1998,0.96
08-07-1998,1.14
09-07-1998,1.37
10-07-1998,1.57
11-07-1998,1.67
12-07-1998,1.69
13-07-1998,1.68
14-07-1998,1.69
15-07-1998,1.7
16-07-1998,1.72
17-07-1998,1.72
18-07-1998,1.7
19-07-1998,1.67
20-07-1998,1.64
21-07-1998,1.65
22-07-1998,1.66
23-07-1998,1.67
24-07-1998,1.68
25-07-1998,1.66
26-07-1998,1.62
27-07-1998,1.56
28-07-1998,1.53
29-07-1998,1.47
30-07-1998,1.43
31-07-1998,1.37
01-08-1998,1.3
02-08-1998,1.27
03-08-1998,1.22
04-08-1998,1.22
05-08-1998,1.25
06-08-1998,1.3
07-08-1998,1.38
08-08-1998,1.5
09-08-1998,1.59
10-08-1998,1.61
11-08-1998,1.61
12-08-1998,1.62
13-08-1998,1.65
14-08-1998,1.71
15-08-1998,1.75
16-08-1998,1.75
17-08-1998,1.76
18-08-1998,1.82
19-08-1998,1.87
20-08-1998,1.9
21-08-1998,1.94
22-08-1998,1.99
23-08-1998,2.03
24-08-1998,2.09
25-08-1998,2.16
26-08-1998,2.16
27-08-1998,2.1
28-08-1998,2.04
29-08-1998,1.99
30-08-1998,1.94
31-08-1998,1.91
01-09-1998,1.88
02-09-1998,1.88
03-09-1998,1.9
04-09-1998,1.94
05-09-1998,1.98
06-09-1998,2.03
07-09-1998,2.08
08-09-1998,2.11
09-09-1998,2.13
10-09-1998,2.13
11-09-1998,2.14
12-09-1998,2.18
13-09-1998,2.26
14-09-1998,2.34
15-09-1998,2.38
16-09-1998,2.42
17-09-1998,2.43
18-09-1998,2.46
19-09-1998,2.48
20-09-1998,2.53
21-09-1998,2.57
22-09-1998,2.62
23-09-1998,2.66
24-09-1998,2.7
25-09-1998,2.74
26-09-1998,2.75
27-09-1998,2.75
28-09-1998,2.73
29-09-1998,2.71
30-09-1998,2.68
01-10-1998,2.68
02-10-1998,2.7
03-10-1998,2.72
04-10-1998,2.73
05-10-1998,2.74
06-10-1998,2.73
07-10-1998,2.73
08-10-1998,2.73
09-10-1998,2.73
10-10-1998,2.73
11-10-1998,2.72
12-10-1998,2.69
13-10-1998,2.66
14-10-1998,2.63
15-10-1998,2.61
16-10-1998,2.58
17-10-1998,2.54
18-10-1998,2.5
19-10-1998,2.49
20-10-1998,2.5
21-10-1998,2.5
22-10-1998,2.47
23-10-1998,2.44
24-10-1998,2.41
25-10-1998,2.38
26-10-1998,2.35
27-10-1998,2.3
28-10-1998,2.27
29-10-1998,2.23
30-10-1998,2.19
31-10-1998,2.12
01-06-2000,1.46
02-06-2000,1.4
03-06-2000,1.3
04-06-2000,1.34
05-06-2000,1.43
06-06-2000,1.49
07-06-2000,1.48
08-06-2000,1.45
09-06-2000,1.36
10-06-2000,1.31
11-06-2000,1.3
12-06-2000,1.28
13-06-2000,1.27
14-06-2000,1.27
15-06-2000,1.16
16-06-2000,1.1
17-06-2000,1.15
18-06-2000,1.34
19-06-2000,1.69
20-06-2000,1.94
21-06-2000,2.06
22-06-2000,2.1
23-06-2000,2.11
24-06-2000,2.12
25-06-2000,2.13
26-06-2000,2.17
27-06-2000,2.26
28-06-2000,2.4
29-06-2000,2.52
30-06-2000,2.58
01-07-2000,2.65
02-07-2000,2.73
03-07-2000,2.73
04-07-2000,2.72
05-07-2000,2.7
06-07-2000,2.66
07-07-2000,2.64
08-07-2000,2.69
09-07-2000,2.74
10-07-2000,2.76
11-07-2000,2.77
12-07-2000,2.85
13-07-2000,2.91
14-07-2000,3.03
15-07-2000,3.19
16-07-2000,3.28
17-07-2000,3.34
18-07-2000,3.36
19-07-2000,3.46
20-07-2000,3.55
21-07-2000,3.64
22-07-2000,3.75
23-07-2000,3.88
24-07-2000,3.96
25-07-2000,4.03
26-07-2000,4.08
27-07-2000,4.09
28-07-2000,4.12
29-07-2000,4.1
30-07-2000,4.12
31-07-2000,4.12
01-08-2000,4.17
02-08-2000,4.16
03-08-2000,4.16
04-08-2000,4.14
05-08-2000,4.12
06-08-2000,4.09
07-08-2000,4.09
08-08-2000,4.08
09-08-2000,4.05
10-08-2000,4.05
11-08-2000,4.01
12-08-2000,4.01
13-08-2000,3.99
14-08-2000,3.99
15-08-2000,3.98
16-08-2000,3.97
17-08-2000,3.96
18-08-2000,3.96
19-08-2000,3.96
20-08-2000,3.97
21-08-2000,4.0
22-08-2000,4.0
23-08-2000,3.97
24-08-2000,4.03
25-08-2000,4.04
26-08-2000,4.09
27-08-2000,4.12
28-08-2000,4.14
29-08-2000,4.16
30-08-2000,4.15
31-08-2000,4.18
01-09-2000,4.25
02-09-2000,4.3
03-09-2000,4.38
04-09-2000,4.42
05-09-2000,4.47
06-09-2000,4.53
07-09-2000,4.57
08-09-2000,4.63
09-09-2000,4.67
10-09-2000,4.69
11-09-2000,4.72
12-09-2000,4.76
13-09-2000,4.76
14-09-2000,4.81
15-09-2000,4.83
16-09-2000,4.88
17-09-2000,4.91
18-09-2000,4.95
19-09-2000,4.95
20-09-2000,5.02
21-09-2000,5.02
22-09-2000,5.02
23-09-2000,5.05
24-09-2000,5.04
25-09-2000,5.01
26-09-2000,4.98
27-09-2000,4.95
28-09-2000,4.91
29-09-2000,4.87
30-09-2000,4.84
01-10-2000,4.8
02-10-2000,4.79
03-10-2000,4.73
04-10-2000,4.7
05-10-2000,4.66
06-10-2000,4.61
07-10-2000,4.58
08-10-2000,4.53
09-10-2000,4.46
10-10-2000,4.45
11-10-2000,4.4
12-10-2000,4.37
13-10-2000,4.38
14-10-2000,4.4
15-10-2000,4.41
16-10-2000,4.42
17-10-2000,4.42
18-10-2000,4.44
19-10-2000,4.46
20-10-2000,4.46
21-10-2000,4.46
22-10-2000,4.44
23-10-2000,4.43
24-10-2000,4.39
25-10-2000,4.37
26-10-2000,4.37
27-10-2000,4.37
28-10-2000,4.27
29-10-2000,4.22
30-10-2000,4.19
31-10-2000,4.15
01-01-2003,1.2
02-01-2003,1.16
03-01-2003,1.13
04-01-2003,0.95
05-01-2003,1.17
06-01-2003,1.18
07-01-2003,1.27
08-01-2003,1.22
09-01-2003,1.17
10-01-2003,1.08
11-01-2003,0.94
12-01-2003,0.91
13-01-2003,0.88
14-01-2003,0.9
15-01-2003,0.87
16-01-2003,0.88
17-01-2003,0.87
18-01-2003,0.98
19-01-2003,1.06
20-01-2003,1.16
21-01-2003,1.24
22-01-2003,1.42
23-01-2003,1.4
24-01-2003,1.18
25-01-2003,1.03
26-01-2003,0.87
27-01-2003,0.74
28-01-2003,0.75
29-01-2003,0.78
30-01-2003,0.79
31-01-2003,0.76
01-02-2003,0.74
02-02-2003,0.72
03-02-2003,0.71
04-02-2003,0.83
05-02-2003,0.94
06-02-2003,1.02
07-02-2003,1.0
08-02-2003,1.0
09-02-2003,0.8
10-02-2003,0.65
11-02-2003,0.59
12-02-2003,0.56
13-02-2003,0.56
14-02-2003,0.63
15-02-2003,0.7
16-02-2003,0.71
17-02-2003,0.83
18-02-2003,0.97
19-02-2003,1.11
20-02-2003,1.08
21-02-2003,0.99
22-02-2003,0.67
23-02-2003,0.38
24-02-2003,0.27
25-02-2003,0.26
26-02-2003,0.22
27-02-2003,0.26
28-02-2003,0.34
01-03-2003,0.32
02-03-2003,0.31
03-03-2003,0.32
04-03-2003,0.31
05-03-2003,0.49
06-03-2003,0.84
07-03-2003,0.97
08-03-2003,1.02
09-03-2003,0.93
10-03-2003,0.72
11-03-2003,0.39
12-03-2003,0.31
13-03-2003,0.31
14-03-2003,0.27
15-03-2003,0.27
16-03-2003,0.41
17-03-2003,0.49
18-03-2003,0.45
19-03-2003,0.62
20-03-2003,0.76
21-03-2003,0.77
22-03-2003,0.7
23-03-2003,0.49
24-03-2003,0.19
25-03-2003,0.08
26-03-2003,0.06
27-03-2003,0.07
28-03-2003,0.08
29-03-2003,0.09
30-03-2003,0.15
31-03-2003,0.16
01-04-2003,0.15
02-04-2003,0.16
03-04-2003,0.27
04-04-2003,0.59
05-04-2003,0.66
06-04-2003,0.66
07-04-2003,0.56
08-04-2003,0.2
09-04-2003,0.0
10-04-2003,0.0
11-04-2003,0.07
12-04-2003,0.19
13-04-2003,0.26
14-04-2003,0.28
15-04-2003,0.22
16-04-2003,0.21
17-04-2003,0.44
18-04-2003,0.53
19-04-2003,0.52
20-04-2003,0.43
21-04-2003,0.24
22-04-2003,0.0
23-04-2003,0.0
24-04-2003,0.0
25-04-2003,0.0
26-04-2003,0.0
27-04-2003,0.0
28-04-2003,0.03
29-04-2003,0.13
30-04-2003,0.15
01-05-2003,0.23
02-05-2003,0.34
03-05-2003,0.6
04-05-2003,0.67
05-05-2003,0.67
06-05-2003,0.57
07-05-2003,0.41
08-05-2003,0.09
09-05-2003,0.15
10-05-2003,0.14
11-05-2003,0.19
12-05-2003,0.22
13-05-2003,0.14
14-05-2003,0.12
15-05-2003,0.16
16-05-2003,0.51
17-05-2003,0.54
18-05-2003,0.64
19-05-2003,0.36
20-05-2003,0.43
21-05-2003,0.11
22-05-2003,0.0
23-05-2003,0.0
24-05-2003,0.0
25-05-2003,0.0
26-05-2003,0.0
27-05-2003,0.0
28-05-2003,0.03
29-05-2003,0.09
30-05-2003,0.16
31-05-2003,0.34
01-11-2003,2.81
02-11-2003,2.75
03-11-2003,2.68
04-11-2003,2.63
05-11-2003,2.58
06-11-2003,2.52
07-11-2003,2.45
08-11-2003,2.39
09-11-2003,2.33
10-11-2003,2.29
11-11-2003,2.23
12-11-2003,2.19
13-11-2003,2.16
14-11-2003,2.13
15-11-2003,2.12
16-11-2003,2.1
17-11-2003,2.07
18-11-2003,2.0
19-11-2003,2.14
20-11-2003,2.16
21-11-2003,2.14
22-11-2003,2.11
23-11-2003,2.14
24-11-2003,2.1
25-11-2003,2.03
26-11-2003,2.0
27-11-2003,1.94
28-11-2003,1.92
29-11-2003,1.87
30-11-2003,1.87
01-12-2003,1.87
02-12-2003,1.84
03-12-2003,1.8
04-12-2003,1.79
05-12-2003,1.72
06-12-2003,1.72
07-12-2003,1.69
08-12-2003,1.66
09-12-2003,1.6
10-12-2003,1.59
11-12-2003,1.55
12-12-2003,1.52
13-12-2003,1.5
14-12-2003,1.48
15-12-2003,1.41
16-12-2003,1.4
17-12-2003,1.4
18-12-2003,1.38
19-12-2003,1.41
20-12-2003,1.51
21-12-2003,1.56
22-12-2003,1.55
23-12-2003,1.6
24-12-2003,1.6
25-12-2003,1.47
26-12-2003,1.35
27-12-2003,1.25
28-12-2003,1.29
29-12-2003,1.24
30-12-2003,1.2
31-12-2003,1.21
01-01-2006,1.48
02-01-2006,1.54
03-01-2006,1.61
04-01-2006,1.6
05-01-2006,1.53
06-01-2006,1.46
07-01-2006,1.33
08-01-2006,1.24
09-01-2006,1.19
10-01-2006,1.14
11-01-2006,1.13
12-01-2006,1.09
13-01-2006,1.08
14-01-2006,1.12
15-01-2006,1.09
16-01-2006,1.18
17-01-2006,1.22
18-01-2006,1.35
19-01-2006,1.43
20-01-2006,1.42
21-01-2006,1.3
22-01-2006,1.15
23-01-2006,0.94
24-01-2006,0.87
25-01-2006,0.87
26-01-2006,0.91
27-01-2006,0.91
28-01-2006,0.97
29-01-2006,1.09
30-01-2006,1.21
31-01-2006,1.17
01-02-2006,1.3
02-02-2006,1.3
03-02-2006,1.23
04-02-2006,1.07
05-02-2006,0.8
06-02-2006,0.65
07-02-2006,0.57
08-02-2006,0.52
09-02-2006,0.5
10-02-2006,0.46
11-02-2006,0.51
12-02-2006,0.54
13-02-2006,0.6
14-02-2006,0.64
15-02-2006,0.69
16-02-2006,0.89
17-02-2006,1.03
18-02-2006,1.0
19-02-2006,0.89
20-02-2006,0.62
21-02-2006,0.23
22-02-2006,0.23
23-02-2006,0.29
24-02-2006,0.32
25-02-2006,0.37
26-02-2006,0.44
27-02-2006,0.52
28-02-2006,0.67
01-03-2006,0.76
02-03-2006,0.91
03-03-2006,0.9
04-03-2006,0.88
05-03-2006,0.74
06-03-2006,0.43
07-03-2006,0.14
08-03-2006,0.13
09-03-2006,0.11
10-03-2006,0.21
11-03-2006,0.33
12-03-2006,0.37
13-03-2006,0.43
14-03-2006,0.43
15-03-2006,0.43
16-03-2006,0.5
17-03-2006,0.78
18-03-2006,0.89
19-03-2006,0.87
20-03-2006,0.87
21-03-2006,0.64
22-03-2006,0.32
23-03-2006,0.3
24-03-2006,0.31
25-03-2006,0.32
26-03-2006,0.33
27-03-2006,0.37
28-03-2006,0.33
29-03-2006,0.34
30-03-2006,0.57
31-03-2006,0.73
01-04-2006,0.73
02-04-2006,0.61
03-04-2006,0.42
04-04-2006,0.3
05-04-2006,0.16
06-04-2006,0.11
07-04-2006,0.12
08-04-2006,0.17
09-04-2006,0.18
10-04-2006,0.19
11-04-2006,0.25
12-04-2006,0.34
13-04-2006,0.34
14-04-2006,0.47
15-04-2006,0.76
16-04-2006,0.78
17-04-2006,0.68
18-04-2006,0.54
19-04-2006,0.2
20-04-2006,0.0
21-04-2006,0.0
22-04-2006,0.0
23-04-2006,0.03
24-04-2006,0.09
25-04-2006,0.09
26-04-2006,0.05
27-04-2006,0.32
28-04-2006,0.57
29-04-2006,0.76
30-04-2006,0.68
01-05-2006,0.2
02-05-2006,0.7
03-05-2006,0.49
04-05-2006,0.3
05-05-2006,0.02
06-05-2006,0.0
07-05-2006,0.0
08-05-2006,0.0
09-05-2006,0.0
10-05-2006,0.07
11-05-2006,0.13
12-05-2006,0.25
13-05-2006,0.46
14-05-2006,0.82
15-05-2006,1.05
16-05-2006,1.13
17-05-2006,1.04
18-05-2006,0.68
19-05-2006,0.44
20-05-2006,0.37
21-05-2006,0.33
22-05-2006,0.24
23-05-2006,0.17
24-05-2006,0.09
25-05-2006,0.06
26-05-2006,0.1
27-05-2006,0.29
28-05-2006,0.53
29-05-2006,0.59
30-05-2006,0.57
31-05-2006,0.49
01-06-2006,0.1
02-06-2006,0.13
03-06-2006,0.18
04-06-2006,0.22
05-06-2006,0.21
06-06-2006,0.25
07-06-2006,0.42
08-06-2006,0.65
09-06-2006,0.72
10-06-2006,0.62
11-06-2006,0.46
12-06-2006,0.24
13-06-2006,0.11
14-06-2006,0.11
15-06-2006,0.16
16-06-2006,0.2
17-06-2006,0.24
18-06-2006,0.25
19-06-2006,0.28
20-06-2006,0.4
21-06-2006,0.6
22-06-2006,0.84
23-06-2006,0.91
24-06-2006,0.84
25-06-2006,0.7
26-06-2006,0.41
27-06-2006,0.19
28-06-2006,0.19
29-06-2006,0.26
30-06-2006,0.23
01-07-2006,0.21
02-07-2006,0.25
03-07-2006,0.26
04-07-2006,0.43
05-07-2006,0.75
06-07-2006,1.19
07-07-2006,1.53
08-07-2006,1.72
09-07-2006,1.78
10-07-2006,1.57
11-07-2006,1.43
12-07-2006,1.31
13-07-2006,1.31
14-07-2006,1.4
15-07-2006,1.43
16-07-2006,1.39
17-07-2006,1.46
18-07-2006,1.5
19-07-2006,1.57
20-07-2006,1.68
21-07-2006,1.72
22-07-2006,1.75
23-07-2006,1.75
24-07-2006,1.74
25-07-2006,1.85
26-07-2006,2.05
27-07-2006,2.19
28-07-2006,2.25
29-07-2006,2.3
30-07-2006,2.33
31-07-2006,2.33
01-08-2006,2.38
02-08-2006,2.44
03-08-2006,2.5
04-08-2006,2.53
05-08-2006,2.58
06-08-2006,2.63
07-08-2006,2.7
08-08-2006,2.71
09-08-2006,2.74
10-08-2006,2.72
11-08-2006,2.73
12-08-2006,2.78
13-08-2006,2.83
14-08-2006,2.92
15-08-2006,3.03
16-08-2006,3.11
17-08-2006,3.18
18-08-2006,3.25
19-08-2006,3.31
20-08-2006,3.39
21-08-2006,3.45
22-08-2006,3.48
23-08-2006,3.49
24-08-2006,3.49
25-08-2006,3.49
26-08-2006,3.52
27-08-2006,3.54
28-08-2006,3.57
29-08-2006,3.59
30-08-2006,3.65
31-08-2006,3.68
01-09-2006,3.71
02-09-2006,3.74
03-09-2006,3.76
04-09-2006,3.79
05-09-2006,3.82
06-09-2006,3.83
07-09-2006,3.81
08-09-2006,3.81
09-09-2006,3.79
10-09-2006,3.77
11-09-2006,3.77
12-09-2006,3.75
13-09-2006,3.74
14-09-2006,3.72
15-09-2006,3.7
16-09-2006,3.67
17-09-2006,3.64
18-09-2006,3.62
19-09-2006,3.6
20-09-2006,3.59
21-09-2006,3.6
22-09-2006,3.62
23-09-2006,3.64
24-09-2006,3.66
25-09-2006,3.65
26-09-2006,3.64
27-09-2006,3.61
28-09-2006,3.6
29-09-2006,3.6
30-09-2006,3.59
01-10-2006,3.59
02-10-2006,3.62
03-10-2006,3.65
04-10-2006,3.69
05-10-2006,3.75
06-10-2006,3.78
07-10-2006,3.82
08-10-2006,3.85
09-10-2006,3.88
10-10-2006,3.95
11-10-2006,3.98
12-10-2006,4.03
13-10-2006,4.07
14-10-2006,4.11
15-10-2006,4.14
16-10-2006,4.15
17-10-2006,4.17
18-10-2006,4.17
19-10-2006,4.17
20-10-2006,4.15
21-10-2006,4.14
22-10-2006,4.13
23-10-2006,4.1
24-10-2006,4.09
25-10-2006,4.05
26-10-2006,4.02
27-10-2006,3.96
28-10-2006,3.91
29-10-2006,3.84
30-10-2006,3.78
31-10-2006,3.71
01-11-2006,3.65
02-11-2006,3.59
03-11-2006,3.55
04-11-2006,3.49
05-11-2006,3.44
06-11-2006,3.37
07-11-2006,3.31
08-11-2006,3.23
09-11-2006,3.16
10-11-2006,3.1
11-11-2006,3.03
12-11-2006,2.96
13-11-2006,2.88
14-11-2006,2.8
15-11-2006,2.74
16-11-2006,2.69
17-11-2006,2.65
18-11-2006,2.61
19-11-2006,2.56
20-11-2006,2.52
21-11-2006,2.46
22-11-2006,2.4
23-11-2006,2.34
24-11-2006,2.27
25-11-2006,2.24
26-11-2006,2.19
27-11-2006,2.15
28-11-2006,2.11
29-11-2006,2.07
30-11-2006,2.08
01-12-2006,2.07
02-12-2006,2.07
03-12-2006,2.11
04-12-2006,2.08
05-12-2006,2.05
06-12-2006,2.03
07-12-2006,2.01
08-12-2006,1.95
09-12-2006,1.86
10-12-2006,1.8
11-12-2006,1.78
12-12-2006,1.74
13-12-2006,1.7
14-12-2006,1.66
15-12-2006,1.71
16-12-2006,1.73
17-12-2006,1.69
18-12-2006,1.77
19-12-2006,1.75
20-12-2006,1.81
21-12-2006,1.83
22-12-2006,1.81
23-12-2006,1.71
24-12-2006,1.55
25-12-2006,1.49
26-12-2006,1.45
27-12-2006,1.45
28-12-2006,1.43
29-12-2006,1.4
30-12-2006,1.42
31-12-2006,1.43
01-01-2007,1.45
02-01-2007,1.42
03-01-2007,1.37
04-01-2007,1.3
05-01-2007,1.36
06-01-2007,1.42
07-01-2007,1.45
08-01-2007,1.45
09-01-2007,1.43
10-01-2007,1.38
11-01-2007,1.38
12-01-2007,0.99
13-01-2007,0.87
14-01-2007,0.87
15-01-2007,0.91
16-01-2007,0.94
17-01-2007,1.05
18-01-2007,1.11
19-01-2007,1.23
20-01-2007,1.29
21-01-2007,1.37
22-01-2007,1.47
23-01-2007,1.51
24-01-2007,1.24
25-01-2007,1.08
26-01-2007,0.93
27-01-2007,0.89
28-01-2007,0.88
29-01-2007,0.81
30-01-2007,0.81
31-01-2007,0.8
01-02-2007,0.86
02-02-2007,0.95
03-02-2007,1.03
04-02-2007,1.17
05-02-2007,1.23
06-02-2007,1.26
07-02-2007,1.36
08-02-2007,1.35
09-02-2007,1.2
10-02-2007,0.97
11-02-2007,0.66
12-02-2007,0.58
13-02-2007,0.62
14-02-2007,0.69
15-02-2007,0.75
16-02-2007,0.83
17-02-2007,0.95
18-02-2007,1.07
19-02-2007,1.15
20-02-2007,1.29
21-02-2007,1.32
22-02-2007,1.17
23-02-2007,0.95
24-02-2007,0.66
25-02-2007,0.46
26-02-2007,0.41
27-02-2007,0.38
28-02-2007,0.47
01-03-2007,0.56
02-03-2007,0.66
03-03-2007,0.74
04-03-2007,0.79
05-03-2007,0.89
06-03-2007,1.08
07-03-2007,1.07
08-03-2007,1.02
09-03-2007,0.94
10-03-2007,0.65
11-03-2007,0.36
12-03-2007,0.32
13-03-2007,0.37
14-03-2007,0.37
15-03-2007,0.42
16-03-2007,0.49
17-03-2007,0.51
18-03-2007,0.54
19-03-2007,0.8
20-03-2007,0.9
21-03-2007,0.84
22-03-2007,0.74
23-03-2007,0.55
24-03-2007,0.2
25-03-2007,0.12
26-03-2007,0.12
27-03-2007,0.1
28-03-2007,0.11
29-03-2007,0.13
30-03-2007,0.07
31-03-2007,0.11
01-04-2007,0.1
02-04-2007,0.21
03-04-2007,0.5
04-04-2007,0.83
05-04-2007,0.89
06-04-2007,0.89
07-04-2007,0.69
08-04-2007,0.37
09-04-2007,0.05
10-04-2007,0.05
11-04-2007,0.08
12-04-2007,0.14
13-04-2007,0.21
14-04-2007,0.23
15-04-2007,0.34
16-04-2007,0.46
17-04-2007,0.74
18-04-2007,0.79
19-04-2007,0.76
20-04-2007,0.72
21-04-2007,0.56
22-04-2007,0.3
23-04-2007,0.08
24-04-2007,0.05
25-04-2007,0.17
26-04-2007,0.14
27-04-2007,0.12
28-04-2007,0.16
29-04-2007,0.23
30-04-2007,0.27
01-05-2007,0.29
02-05-2007,0.49
03-05-2007,0.76
04-05-2007,0.77
05-05-2007,0.69
06-05-2007,0.49
07-05-2007,0.2
08-05-2007,0.0
09-05-2007,0.01
10-05-2007,0.05
11-05-2007,0.12
12-05-2007,0.13
13-05-2007,0.17
14-05-2007,0.29
15-05-2007,0.64
16-05-2007,0.95
17-05-2007,1.08
18-05-2007,1.04
19-05-2007,0.94
20-05-2007,0.69
21-05-2007,0.49
22-05-2007,0.38
23-05-2007,0.37
24-05-2007,0.43
25-05-2007,0.53
26-05-2007,0.57
27-05-2007,0.61
28-05-2007,0.49
29-05-2007,0.47
30-05-2007,0.5
31-05-2007,0.7
01-06-2007,0.3
02-06-2007,0.1
03-06-2007,0.08
04-06-2007,0.17
05-06-2007,0.27
06-06-2007,0.29
07-06-2007,0.32
08-06-2007,0.33
09-06-2007,0.33
10-06-2007,0.41
11-06-2007,0.6
12-06-2007,0.84
13-06-2007,0.9
14-06-2007,0.84
15-06-2007,0.69
16-06-2007,0.33
17-06-2007,0.19
18-06-2007,0.23
19-06-2007,0.24
20-06-2007,0.27
21-06-2007,0.3
22-06-2007,0.41
23-06-2007,0.45
24-06-2007,0.49
25-06-2007,0.56
26-06-2007,0.84
27-06-2007,0.85
28-06-2007,0.81
29-06-2007,0.59
30-06-2007,0.41
01-07-2007,0.26
02-07-2007,0.18
03-07-2007,0.27
04-07-2007,0.59
05-07-2007,0.89
06-07-2007,1.04
07-07-2007,1.26
08-07-2007,1.44
09-07-2007,1.48
10-07-2007,1.56
11-07-2007,1.6
12-07-2007,1.51
13-07-2007,1.37
14-07-2007,1.2
15-07-2007,1.02
16-07-2007,0.95
17-07-2007,0.97
18-07-2007,1.07
19-07-2007,1.17
20-07-2007,1.17
21-07-2007,1.08
22-07-2007,1.0
23-07-2007,1.05
24-07-2007,1.08
25-07-2007,1.19
26-07-2007,1.27
27-07-2007,1.29
28-07-2007,1.25
29-07-2007,1.13
30-07-2007,1.07
31-07-2007,0.96
01-08-2007,0.92
02-08-2007,1.0
03-08-2007,1.09
04-08-2007,1.22
05-08-2007,1.35
06-08-2007,1.54
07-08-2007,1.86
08-08-2007,2.16
09-08-2007,2.38
10-08-2007,2.53
11-08-2007,2.55
12-08-2007,2.56
13-08-2007,2.56
14-08-2007,2.58
15-08-2007,2.57
16-08-2007,2.55
17-08-2007,2.55
18-08-2007,2.55
19-08-2007,2.59
20-08-2007,2.68
21-08-2007,2.75
22-08-2007,2.78
23-08-2007,2.81
24-08-2007,2.83
25-08-2007,2.83
26-08-2007,2.85
27-08-2007,2.84
28-08-2007,2.82
29-08-2007,2.82
30-08-2007,2.84
31-08-2007,2.84
01-09-2007,2.85
02-09-2007,2.84
03-09-2007,2.84
04-09-2007,2.83
05-09-2007,2.83
06-09-2007,2.84
07-09-2007,2.87
08-09-2007,2.89
09-09-2007,2.87
10-09-2007,2.87
11-09-2007,2.87
12-09-2007,2.89
13-09-2007,2.9
14-09-2007,2.91
15-09-2007,2.95
16-09-2007,2.98
17-09-2007,3.0
18-09-2007,3.03
19-09-2007,3.05
20-09-2007,3.08
21-09-2007,3.13
22-09-2007,3.19
23-09-2007,3.2
24-09-2007,3.29
25-09-2007,3.29
26-09-2007,3.31
27-09-2007,3.31
28-09-2007,3.32
29-09-2007,3.32
30-09-2007,3.32
01-10-2007,3.33
02-10-2007,3.33
03-10-2007,3.34
04-10-2007,3.31
05-10-2007,3.3
06-10-2007,3.34
07-10-2007,3.4
08-10-2007,3.46
09-10-2007,3.52
10-10-2007,3.56
11-10-2007,3.62
12-10-2007,3.68
13-10-2007,3.73
14-10-2007,3.84
15-10-2007,3.88
16-10-2007,3.92
17-10-2007,3.96
18-10-2007,4.01
19-10-2007,4.03
20-10-2007,4.04
21-10-2007,4.06
22-10-2007,4.07
23-10-2007,4.08
24-10-2007,4.07
25-10-2007,4.03
26-10-2007,4.0
27-10-2007,3.96
28-10-2007,3.9
29-10-2007,3.85
30-10-2007,3.79
31-10-2007,3.72
01-11-2007,3.64
02-11-2007,3.59
03-11-2007,3.54
04-11-2007,3.49
05-11-2007,3.46
06-11-2007,3.44
07-11-2007,3.4
08-11-2007,3.37
09-11-2007,3.33
10-11-2007,3.26
11-11-2007,3.2
12-11-2007,3.16
13-11-2007,3.09
14-11-2007,3.05
15-11-2007,3.05
16-11-2007,3.05
17-11-2007,3.01
18-11-2007,2.97
19-11-2007,2.94
20-11-2007,2.89
21-11-2007,2.85
22-11-2007,2.82
23-11-2007,2.78
24-11-2007,2.77
25-11-2007,2.78
26-11-2007,2.75
27-11-2007,2.68
28-11-2007,2.62
29-11-2007,2.56
30-11-2007,2.51
01-12-2007,2.43
02-12-2007,2.37
03-12-2007,2.31
04-12-2007,2.28
05-12-2007,2.24
06-12-2007,2.19
07-12-2007,2.16
08-12-2007,2.15
09-12-2007,2.13
10-12-2007,2.08
11-12-2007,2.04
12-12-2007,1.97
13-12-2007,1.94
14-12-2007,1.87
15-12-2007,1.83
16-12-2007,1.75
17-12-2007,1.72
18-12-2007,1.72
19-12-2007,1.71
20-12-2007,1.74
21-12-2007,1.76
22-12-2007,1.73
23-12-2007,1.77
24-12-2007,1.82
25-12-2007,1.82
26-12-2007,1.75
27-12-2007,1.61
28-12-2007,1.45
29-12-2007,1.41
30-12-2007,1.4
31-12-2007,1.44
01-01-2008,1.53
02-01-2008,1.52
03-01-2008,1.51
04-01-2008,1.44
05-01-2008,1.41
06-01-2008,1.44
07-01-2008,1.46
08-01-2008,1.49
09-01-2008,1.61
10-01-2008,1.71
11-01-2008,1.78
12-01-2008,1.78
13-01-2008,0.0
14-01-2008,1.49
15-01-2008,1.29
16-01-2008,0.0
17-01-2008,1.17
18-01-2008,1.17
19-01-2008,1.16
20-01-2008,1.14
21-01-2008,1.11
22-01-2008,1.07
23-01-2008,1.15
24-01-2008,1.28
25-01-2008,1.45
26-01-2008,1.43
27-01-2008,1.21
28-01-2008,1.29
29-01-2008,1.03
30-01-2008,0.99
31-01-2008,0.87
01-02-2008,0.86
02-02-2008,0.83
03-02-2008,0.8
04-02-2008,0.82
05-02-2008,0.9
06-02-2008,1.02
07-02-2008,1.18
08-02-2008,1.32
09-02-2008,1.43
10-02-2008,1.44
11-02-2008,1.3
12-02-2008,1.02
13-02-2008,0.61
14-02-2008,0.51
15-02-2008,0.0
16-02-2008,0.46
17-02-2008,0.47
18-02-2008,0.53
19-02-2008,0.62
20-02-2008,0.66
21-02-2008,0.78
22-02-2008,0.94
23-02-2008,0.99
24-02-2008,1.05
25-02-2008,1.03
26-02-2008,0.91
27-02-2008,0.72
28-02-2008,0.44
01-03-2008,0.32
02-03-2008,0.34
03-03-2008,0.42
04-03-2008,0.48
05-03-2008,0.5
06-03-2008,0.59
07-03-2008,0.68
08-03-2008,1.03
09-03-2008,1.08
10-03-2008,1.18
11-03-2008,1.12
12-03-2008,0.9
13-03-2008,0.61
14-03-2008,0.26
15-03-2008,0.26
16-03-2008,0.33
17-03-2008,0.31
18-03-2008,0.31
19-03-2008,0.33
20-03-2008,0.34
21-03-2008,0.0
22-03-2008,0.0
23-03-2008,0.0
24-03-2008,0.0
25-03-2008,0.0
26-03-2008,0.0
27-03-2008,0.0
28-03-2008,0.0
29-03-2008,0.0
30-03-2008,0.0
31-03-2008,0.0
01-04-2008,0.26
02-04-2008,0.4
03-04-2008,0.46
04-04-2008,0.51
05-04-2008,0.55
06-04-2008,0.0
07-04-2008,1.04
08-04-2008,1.07
09-04-2008,1.0
10-04-2008,0.86
11-04-2008,0.68
12-04-2008,0.3
13-04-2008,0.09
14-04-2008,0.08
15-04-2008,0.0
16-04-2008,0.0
17-04-2008,0.0
18-04-2008,0.0
19-04-2008,0.0
20-04-2008,0.0
21-04-2008,0.21
22-04-2008,0.0
23-04-2008,0.0
24-04-2008,0.0
25-04-2008,0.57
26-04-2008,0.0
27-04-2008,0.08
28-04-2008,0.0
29-04-2008,0.0
30-04-2008,0.0
01-05-2008,0.3
02-05-2008,0.37
03-05-2008,0.41
04-05-2008,0.0
05-05-2008,0.77
06-05-2008,0.98
07-05-2008,0.95
08-05-2008,0.87
09-05-2008,0.66
10-05-2008,0.5
11-05-2008,0.12
12-05-2008,0.01
13-05-2008,0.02
14-05-2008,0.1
15-05-2008,0.13
16-05-2008,0.17
17-05-2008,0.18
18-05-2008,0.17
19-05-2008,0.29
20-05-2008,0.43
21-05-2008,0.69
22-05-2008,0.83
23-05-2008,0.8
24-05-2008,0.75
25-05-2008,0.6
26-05-2008,0.33
27-05-2008,0.39
28-05-2008,0.57
29-05-2008,0.73
30-05-2008,0.76
31-05-2008,0.68
01-06-2008,0.94
02-06-2008,1.04
03-06-2008,0.99
04-06-2008,0.77
05-06-2008,0.52
06-06-2008,0.52
07-06-2008,0.59
08-06-2008,0.65
09-06-2008,0.76
10-06-2008,0.79
11-06-2008,0.84
12-06-2008,0.93
13-06-2008,1.05
14-06-2008,1.14
15-06-2008,1.23
16-06-2008,1.24
17-06-2008,1.18
18-06-2008,1.08
19-06-2008,1.02
20-06-2008,1.0
21-06-2008,1.11
22-06-2008,1.25
23-06-2008,1.37
24-06-2008,1.49
25-06-2008,1.55
26-06-2008,1.54
27-06-2008,1.48
28-06-2008,1.42
29-06-2008,1.45
30-06-2008,1.54
01-07-2008,1.54
02-07-2008,1.44
03-07-2008,1.34
04-07-2008,1.13
05-07-2008,1.1
06-07-2008,1.17
07-07-2008,1.24
08-07-2008,1.27
09-07-2008,1.3
10-07-2008,1.33
11-07-2008,1.38
12-07-2008,1.47
13-07-2008,1.61
14-07-2008,1.74
15-07-2008,1.79
16-07-2008,1.78
17-07-2008,1.75
18-07-2008,1.73
19-07-2008,1.72
20-07-2008,1.7
21-07-2008,1.69
22-07-2008,1.73
23-07-2008,1.8
24-07-2008,1.85
25-07-2008,1.92
26-07-2008,1.97
27-07-2008,2.0
28-07-2008,2.07
29-07-2008,2.15
30-07-2008,2.22
31-07-2008,2.23
01-08-2008,2.22
02-08-2008,2.17
03-08-2008,2.19
04-08-2008,2.24
05-08-2008,2.32
06-08-2008,2.43
07-08-2008,2.54
08-08-2008,2.64
09-08-2008,2.71
10-08-2008,2.78
11-08-2008,2.85
12-08-2008,2.92
13-08-2008,2.99
14-08-2008,3.05
15-08-2008,3.11
16-08-2008,3.14
17-08-2008,3.18
18-08-2008,3.22
19-08-2008,3.27
20-08-2008,3.33
21-08-2008,3.39
22-08-2008,3.43
23-08-2008,3.45
24-08-2008,3.46
25-08-2008,3.47
26-08-2008,3.47
27-08-2008,3.48
28-08-2008,3.47
29-08-2008,3.45
30-08-2008,3.43
31-08-2008,3.44
01-09-2008,3.4
02-09-2008,3.39
03-09-2008,3.36
04-09-2008,3.35
05-09-2008,3.33
06-09-2008,3.32
07-09-2008,3.3
08-09-2008,3.29
09-09-2008,3.27
10-09-2008,3.3
11-09-2008,3.31
12-09-2008,3.31
13-09-2008,3.32
14-09-2008,3.34
15-09-2008,3.35
16-09-2008,3.35
17-09-2008,3.37
18-09-2008,3.42
19-09-2008,3.45
20-09-2008,3.5
21-09-2008,3.53
22-09-2008,3.53
23-09-2008,3.56
24-09-2008,3.58
25-09-2008,3.61
26-09-2008,3.64
27-09-2008,3.64
28-09-2008,3.7
29-09-2008,3.71
30-09-2008,3.73
01-10-2008,3.73
02-10-2008,3.73
03-10-2008,3.72
04-10-2008,3.69
05-10-2008,3.68
06-10-2008,3.68
07-10-2008,3.68
08-10-2008,3.67
09-10-2008,3.65
10-10-2008,3.67
11-10-2008,3.66
12-10-2008,3.67
13-10-2008,3.65
14-10-2008,3.63
15-10-2008,3.63
16-10-2008,3.61
17-10-2008,3.59
18-10-2008,3.57
19-10-2008,3.54
20-10-2008,3.53
21-10-2008,3.49
22-10-2008,3.46
23-10-2008,3.43
24-10-2008,3.44
25-10-2008,3.39
26-10-2008,3.34
27-10-2008,3.3
28-10-2008,3.27
29-10-2008,3.23
30-10-2008,3.19
31-10-2008,3.13
01-11-2008,3.11
02-11-2008,3.05
03-11-2008,3.01
04-11-2008,3.03
05-11-2008,3.03
06-11-2008,3.05
07-11-2008,3.06
08-11-2008,3.05
09-11-2008,3.07
10-11-2008,3.11
11-11-2008,3.12
12-11-2008,3.13
13-11-2008,3.13
14-11-2008,3.12
15-11-2008,3.11
16-11-2008,3.11
17-11-2008,3.07
18-11-2008,3.03
19-11-2008,2.99
20-11-2008,2.97
21-11-2008,2.92
22-11-2008,2.87
23-11-2008,2.83
24-11-2008,2.79
25-11-2008,2.77
26-11-2008,2.73
27-11-2008,2.68
28-11-2008,2.65
29-11-2008,2.61
30-11-2008,2.56
01-12-2008,2.53
02-12-2008,2.47
03-12-2008,2.43
04-12-2008,2.37
05-12-2008,2.33
06-12-2008,2.31
07-12-2008,2.32
08-12-2008,2.28
09-12-2008,2.23
10-12-2008,2.23
11-12-2008,2.23
12-12-2008,2.26
13-12-2008,2.24
14-12-2008,2.24
15-12-2008,2.18
16-12-2008,2.05
17-12-2008,1.95
18-12-2008,1.89
19-12-2008,1.88
20-12-2008,1.84
21-12-2008,1.83
22-12-2008,1.83
23-12-2008,1.83
24-12-2008,1.8
25-12-2008,1.73
26-12-2008,1.75
27-12-2008,1.81
28-12-2008,1.72
29-12-2008,1.68
30-12-2008,1.6
31-12-2008,1.56
01-01-2009,1.65
02-01-2009,1.69
03-01-2009,1.54
04-01-2009,1.24
05-01-2009,1.08
06-01-2009,1.04
07-01-2009,1.01
08-01-2009,1.07
09-01-2009,0.0
10-01-2009,1.17
11-01-2009,1.12
12-01-2009,1.17
13-01-2009,1.4
14-01-2009,1.45
15-01-2009,1.49
16-01-2009,1.44
17-01-2009,1.27
18-01-2009,1.13
19-01-2009,0.93
20-01-2009,0.69
21-01-2009,0.66
22-01-2009,0.67
23-01-2009,0.68
24-01-2009,0.73
25-01-2009,0.77
26-01-2009,0.9
27-01-2009,1.09
28-01-2009,1.13
29-01-2009,1.28
30-01-2009,1.49
31-01-2009,1.41
01-02-2009,1.23
02-02-2009,0.83
03-02-2009,0.54
04-02-2009,0.55
05-02-2009,0.55
06-02-2009,0.57
07-02-2009,0.56
08-02-2009,0.63
09-02-2009,0.65
10-02-2009,0.7
11-02-2009,0.8
12-02-2009,0.83
13-02-2009,1.0
14-02-2009,1.06
15-02-2009,0.93
16-02-2009,0.77
17-02-2009,0.62
18-02-2009,0.5
19-02-2009,0.43
20-02-2009,0.42
21-02-2009,0.43
22-02-2009,0.41
23-02-2009,0.4
24-02-2009,0.49
25-02-2009,0.56
26-02-2009,0.64
27-02-2009,0.93
28-02-2009,1.02
01-03-2009,0.95
02-03-2009,0.74
03-03-2009,0.32
04-03-2009,0.04
05-03-2009,0.04
06-03-2009,0.07
07-03-2009,0.09
08-03-2009,0.12
09-03-2009,0.18
10-03-2009,0.39
11-03-2009,0.8
12-03-2009,0.93
13-03-2009,0.93
14-03-2009,0.93
15-03-2009,0.85
16-03-2009,0.74
17-03-2009,0.7
18-03-2009,0.55
19-03-2009,0.33
20-03-2009,0.05
21-03-2009,0.01
22-03-2009,0.03
23-03-2009,0.07
24-03-2009,0.17
25-03-2009,0.21
26-03-2009,0.39
27-03-2009,0.71
28-03-2009,1.08
29-03-2009,1.17
30-03-2009,1.11
31-03-2009,0.9
01-04-2009,0.48
02-04-2009,0.05
03-04-2009,0.04
04-04-2009,0.07
05-04-2009,0.06
06-04-2009,0.07
07-04-2009,0.05
08-04-2009,0.09
09-04-2009,0.09
10-04-2009,0.34
11-04-2009,0.54
12-04-2009,0.66
13-04-2009,0.63
14-04-2009,0.59
15-04-2009,0.52
16-04-2009,0.36
17-04-2009,0.14
18-04-2009,0.0
19-04-2009,0.0
20-04-2009,0.05
21-04-2009,0.11
22-04-2009,0.16
23-04-2009,0.15
24-04-2009,0.27
25-04-2009,0.64
26-04-2009,0.89
27-04-2009,0.85
28-04-2009,0.77
29-04-2009,0.62
30-04-2009,0.3
01-05-2009,0.0
02-05-2009,0.0
03-05-2009,0.0
04-05-2009,0.04
05-05-2009,0.07
06-05-2009,0.0
07-05-2009,0.0
08-05-2009,0.0
09-05-2009,0.0
10-05-2009,0.0
11-05-2009,0.0
12-05-2009,0.0
13-05-2009,0.67
14-05-2009,0.61
15-05-2009,0.47
16-05-2009,0.13
17-05-2009,0.0
18-05-2009,0.05
19-05-2009,0.07
20-05-2009,0.09
21-05-2009,0.1
22-05-2009,0.09
23-05-2009,0.19
24-05-2009,0.41
25-05-2009,0.65
26-05-2009,0.61
27-05-2009,0.52
28-05-2009,0.39
29-05-2009,0.12
30-05-2009,0.0
31-05-2009,0.0
01-06-2009,0.72
02-06-2009,0.81
03-06-2009,0.95
04-06-2009,1.04
05-06-2009,1.15
06-06-2009,1.04
07-06-2009,0.83
08-06-2009,0.65
09-06-2009,0.5
10-06-2009,0.42
11-06-2009,0.42
12-06-2009,0.47
13-06-2009,0.53
14-06-2009,0.55
15-06-2009,0.55
16-06-2009,0.0
17-06-2009,0.0
18-06-2009,0.72
19-06-2009,0.95
20-06-2009,1.18
21-06-2009,1.23
22-06-2009,1.19
23-06-2009,1.04
24-06-2009,0.94
25-06-2009,0.97
26-06-2009,1.0
27-06-2009,0.98
28-06-2009,0.94
29-06-2009,0.89
30-06-2009,0.87
01-07-2009,0.93
02-07-2009,1.03
03-07-2009,1.17
04-07-2009,1.19
05-07-2009,1.16
06-07-2009,1.08
07-07-2009,0.96
08-07-2009,0.88
09-07-2009,0.85
10-07-2009,0.83
11-07-2009,0.89
12-07-2009,1.02
13-07-2009,1.19
14-07-2009,1.34
15-07-2009,1.49
16-07-2009,1.64
17-07-2009,1.83
18-07-2009,2.13
19-07-2009,2.35
20-07-2009,2.41
21-07-2009,2.39
22-07-2009,2.38
23-07-2009,2.33
24-07-2009,2.42
25-07-2009,2.49
26-07-2009,2.53
27-07-2009,2.51
28-07-2009,2.48
29-07-2009,2.45
30-07-2009,2.42
31-07-2009,2.46
01-08-2009,2.53
02-08-2009,2.61
03-08-2009,2.66
04-08-2009,2.71
05-08-2009,2.79
06-08-2009,2.85
07-08-2009,2.9
08-08-2009,2.91
09-08-2009,2.9
10-08-2009,2.91
11-08-2009,2.92
12-08-2009,2.93
13-08-2009,2.96
14-08-2009,2.99
15-08-2009,3.02
16-08-2009,3.05
17-08-2009,3.11
18-08-2009,3.15
19-08-2009,3.17
20-08-2009,3.16
21-08-2009,3.12
22-08-2009,3.09
23-08-2009,3.05
24-08-2009,3.02
25-08-2009,2.99
26-08-2009,2.97
27-08-2009,2.95
28-08-2009,2.93
29-08-2009,2.9
30-08-2009,2.9
31-08-2009,2.91
01-09-2009,2.91
02-09-2009,2.93
03-09-2009,2.94
04-09-2009,2.95
05-09-2009,2.93
06-09-2009,2.93
07-09-2009,2.94
08-09-2009,2.99
09-09-2009,3.04
10-09-2009,3.1
11-09-2009,3.17
12-09-2009,3.23
13-09-2009,3.28
14-09-2009,3.33
15-09-2009,3.37
16-09-2009,3.4
17-09-2009,3.43
18-09-2009,3.44
19-09-2009,3.45
20-09-2009,3.43
21-09-2009,3.41
22-09-2009,3.41
23-09-2009,3.39
24-09-2009,3.37
25-09-2009,3.35
26-09-2009,3.33
27-09-2009,3.32
28-09-2009,3.29
29-09-2009,3.29
30-09-2009,3.35
01-10-2009,3.44
02-10-2009,3.51
03-10-2009,3.58
04-10-2009,3.67
05-10-2009,3.74
06-10-2009,3.78
07-10-2009,3.87
08-10-2009,3.93
09-10-2009,4.01
10-10-2009,4.05
11-10-2009,4.08
12-10-2009,4.09
13-10-2009,4.08
14-10-2009,4.06
15-10-2009,4.01
16-10-2009,4.01
17-10-2009,3.95
18-10-2009,3.9
19-10-2009,3.84
20-10-2009,3.79
21-10-2009,3.72
22-10-2009,3.67
23-10-2009,3.61
24-10-2009,3.57
25-10-2009,3.53
26-10-2009,3.52
27-10-2009,3.51
28-10-2009,3.49
29-10-2009,3.43
30-10-2009,3.37
31-10-2009,3.31
01-11-2009,3.26
02-11-2009,3.2
03-11-2009,3.15
04-11-2009,3.12
05-11-2009,3.07
06-11-2009,3.04
07-11-2009,3.02
08-11-2009,2.98
09-11-2009,2.91
10-11-2009,2.83
11-11-2009,2.76
12-11-2009,2.71
13-11-2009,2.69
14-11-2009,2.65
15-11-2009,2.63
16-11-2009,2.57
17-11-2009,2.52
18-11-2009,2.52
19-11-2009,2.46
20-11-2009,2.4
21-11-2009,2.33
22-11-2009,2.26
23-11-2009,2.18
24-11-2009,2.1
25-11-2009,2.04
26-11-2009,1.97
27-11-2009,1.95
28-11-2009,1.98
29-11-2009,2.01
30-11-2009,2.01
01-12-2009,1.98
02-12-2009,1.99
03-12-2009,2.03
04-12-2009,2.01
05-12-2009,1.92
06-12-2009,1.79
07-12-2009,1.68
08-12-2009,1.63
09-12-2009,1.59
10-12-2009,1.61
11-12-2009,1.62
12-12-2009,1.65
13-12-2009,1.65
14-12-2009,1.66
15-12-2009,1.65
16-12-2009,1.64
17-12-2009,1.69
18-12-2009,1.64
19-12-2009,1.57
20-12-2009,1.53
21-12-2009,1.45
22-12-2009,1.39
23-12-2009,1.35
24-12-2009,1.27
25-12-2009,1.24
26-12-2009,1.25
27-12-2009,1.3
28-12-2009,1.31
29-12-2009,1.39
30-12-2009,1.43
31-12-2009,1.53
01-01-2010,1.4
02-01-2010,1.49
03-01-2010,1.53
04-01-2010,1.59
05-01-2010,0.0
06-01-2010,1.43
07-01-2010,1.3
08-01-2010,1.15
09-01-2010,1.03
10-01-2010,0.91
11-01-2010,0.86
12-01-2010,0.81
13-01-2010,0.88
14-01-2010,0.95
15-01-2010,0.95
16-01-2010,1.06
17-01-2010,1.25
18-01-2010,1.35
19-01-2010,1.38
20-01-2010,1.45
21-01-2010,1.44
22-01-2010,1.3
23-01-2010,1.02
24-01-2010,0.71
25-01-2010,0.71
26-01-2010,0.71
27-01-2010,0.77
28-01-2010,0.84
29-01-2010,0.95
30-01-2010,1.14
31-01-2010,1.29
01-02-2010,1.0
02-02-2010,1.44
03-02-2010,1.46
04-02-2010,1.34
05-02-2010,1.19
06-02-2010,0.88
07-02-2010,0.55
08-02-2010,0.34
09-02-2010,0.25
10-02-2010,0.26
11-02-2010,0.3
12-02-2010,0.38
13-02-2010,0.57
14-02-2010,0.67
15-02-2010,0.95
16-02-2010,1.13
17-02-2010,1.26
18-02-2010,1.26
19-02-2010,1.16
20-02-2010,0.96
21-02-2010,0.76
22-02-2010,0.36
23-02-2010,0.37
24-02-2010,0.41
25-02-2010,0.4
26-02-2010,0.51
27-02-2010,0.58
28-02-2010,0.63
01-03-2010,0.71
02-03-2010,0.96
03-03-2010,1.06
04-03-2010,1.06
05-03-2010,0.99
06-03-2010,0.88
07-03-2010,0.6
08-03-2010,0.38
09-03-2010,0.24
10-03-2010,0.28
11-03-2010,0.24
12-03-2010,0.34
13-03-2010,0.35
14-03-2010,0.37
15-03-2010,0.43
16-03-2010,0.61
17-03-2010,0.94
18-03-2010,1.08
19-03-2010,1.15
20-03-2010,1.08
21-03-2010,0.89
22-03-2010,0.42
23-03-2010,0.12
24-03-2010,0.21
25-03-2010,0.23
26-03-2010,0.4
27-03-2010,0.53
28-03-2010,0.6
29-03-2010,0.7
30-03-2010,0.72
31-03-2010,0.92
01-04-2010,1.03
02-04-2010,0.99
03-04-2010,0.9
04-04-2010,0.76
05-04-2010,0.58
06-04-2010,0.43
07-04-2010,0.16
08-04-2010,0.01
09-04-2010,0.07
10-04-2010,0.15
11-04-2010,0.12
12-04-2010,0.25
13-04-2010,0.34
14-04-2010,0.35
15-04-2010,0.62
16-04-2010,0.89
17-04-2010,0.89
18-04-2010,0.74
19-04-2010,0.54
20-04-2010,0.21
21-04-2010,0.0
22-04-2010,0.0
23-04-2010,0.02
24-04-2010,0.06
25-04-2010,0.19
26-04-2010,0.2
27-04-2010,0.17
28-04-2010,0.28
29-04-2010,0.6
30-04-2010,0.72
01-05-2010,0.69
02-05-2010,0.6
03-05-2010,0.46
04-05-2010,0.4
05-05-2010,0.2
06-05-2010,0.0
07-05-2010,0.0
08-05-2010,0.0
09-05-2010,0.0
10-05-2010,0.0
11-05-2010,0.0
12-05-2010,0.0
13-05-2010,0.12
14-05-2010,0.49
15-05-2010,0.79
16-05-2010,0.79
17-05-2010,0.79
18-05-2010,0.68
19-05-2010,0.32
20-05-2010,0.03
21-05-2010,0.08
22-05-2010,0.12
23-05-2010,0.12
24-05-2010,0.1
25-05-2010,0.11
26-05-2010,0.19
27-05-2010,0.38
28-05-2010,0.69
29-05-2010,0.89
30-05-2010,0.97
31-05-2010,0.97
01-06-2010,0.0
02-06-2010,0.0
03-06-2010,0.0
04-06-2010,0.0
05-06-2010,0.0
06-06-2010,0.0
07-06-2010,0.19
08-06-2010,0.45
09-06-2010,0.67
10-06-2010,0.71
11-06-2010,0.68
12-06-2010,0.56
13-06-2010,0.38
14-06-2010,0.09
15-06-2010,0.01
16-06-2010,0.07
17-06-2010,0.16
18-06-2010,0.18
19-06-2010,0.14
20-06-2010,0.23
21-06-2010,0.39
22-06-2010,0.61
23-06-2010,0.82
24-06-2010,0.8
25-06-2010,0.69
26-06-2010,0.46
27-06-2010,0.18
28-06-2010,0.0
29-06-2010,0.0
30-06-2010,0.0
01-07-2010,0.0
02-07-2010,0.0
03-07-2010,0.0
04-07-2010,0.04
05-07-2010,0.3
06-07-2010,0.3
07-07-2010,0.53
08-07-2010,0.78
09-07-2010,0.86
10-07-2010,0.78
11-07-2010,0.71
12-07-2010,0.6
13-07-2010,0.37
14-07-2010,0.32
15-07-2010,0.32
16-07-2010,0.35
17-07-2010,0.41
18-07-2010,0.45
19-07-2010,0.5
20-07-2010,0.59
21-07-2010,0.79
22-07-2010,0.0
23-07-2010,0.9
24-07-2010,0.86
25-07-2010,0.82
26-07-2010,0.79
27-07-2010,0.8
28-07-2010,0.76
29-07-2010,0.8
30-07-2010,0.96
31-07-2010,1.03
01-08-2010,1.03
02-08-2010,1.04
03-08-2010,1.1
04-08-2010,1.21
05-08-2010,1.32
06-08-2010,1.44
07-08-2010,1.51
08-08-2010,1.45
09-08-2010,1.44
10-08-2010,1.42
11-08-2010,1.38
12-08-2010,1.47
13-08-2010,1.57
14-08-2010,1.69
15-08-2010,1.78
16-08-2010,1.82
17-08-2010,1.84
18-08-2010,1.86
19-08-2010,1.91
20-08-2010,1.96
21-08-2010,1.94
22-08-2010,1.91
23-08-2010,1.9
24-08-2010,1.86
25-08-2010,1.87
26-08-2010,1.86
27-08-2010,1.9
28-08-2010,2.01
29-08-2010,2.08
30-08-2010,2.15
31-08-2010,2.23
01-09-2010,2.3
02-09-2010,2.31
03-09-2010,2.36
04-09-2010,2.46
05-09-2010,2.57
06-09-2010,2.68
07-09-2010,2.73
08-09-2010,2.76
09-09-2010,2.73
10-09-2010,2.66
11-09-2010,2.63
12-09-2010,2.55
13-09-2010,2.58
14-09-2010,2.58
15-09-2010,2.55
16-09-2010,2.52
17-09-2010,2.56
18-09-2010,2.6
19-09-2010,2.6
20-09-2010,2.63
21-09-2010,2.64
22-09-2010,2.63
23-09-2010,2.64
24-09-2010,2.62
25-09-2010,2.61
26-09-2010,2.62
27-09-2010,2.62
28-09-2010,2.62
29-09-2010,2.62
30-09-2010,2.63
01-10-2010,2.66
02-10-2010,2.67
03-10-2010,2.7
04-10-2010,2.79
05-10-2010,2.79
06-10-2010,2.86
07-10-2010,2.91
08-10-2010,2.9
09-10-2010,2.91
10-10-2010,2.91
11-10-2010,2.88
12-10-2010,2.96
13-10-2010,2.95
14-10-2010,2.95
15-10-2010,2.95
16-10-2010,2.93
17-10-2010,2.94
18-10-2010,3.0
19-10-2010,3.0
20-10-2010,3.04
21-10-2010,3.07
22-10-2010,3.1
23-10-2010,3.15
24-10-2010,3.14
25-10-2010,3.13
26-10-2010,3.1
27-10-2010,3.08
28-10-2010,3.07
29-10-2010,3.01
30-10-2010,2.96
31-10-2010,2.89
01-11-2010,2.88
02-11-2010,2.83
03-11-2010,2.87
04-11-2010,2.85
05-11-2010,2.85
06-11-2010,2.82
07-11-2010,2.76
08-11-2010,2.71
09-11-2010,2.65
10-11-2010,2.6
11-11-2010,2.53
12-11-2010,2.47
13-11-2010,2.43
14-11-2010,2.38
15-11-2010,2.34
16-11-2010,2.31
17-11-2010,2.32
18-11-2010,2.28
19-11-2010,2.28
20-11-2010,2.32
21-11-2010,2.33
22-11-2010,2.31
23-11-2010,2.31
24-11-2010,2.26
25-11-2010,2.18
26-11-2010,2.08
27-11-2010,2.02
28-11-2010,2.0
29-11-2010,1.94
30-11-2010,2.0
01-12-2010,2.04
02-12-2010,2.03
03-12-2010,2.04
04-12-2010,2.07
05-12-2010,2.07
06-12-2010,2.02
07-12-2010,1.96
08-12-2010,1.87
09-12-2010,1.79
10-12-2010,1.66
11-12-2010,1.55
12-12-2010,1.5
13-12-2010,1.45
14-12-2010,1.42
15-12-2010,1.42
16-12-2010,1.48
17-12-2010,1.59
18-12-2010,1.59
19-12-2010,1.58
20-12-2010,1.66
21-12-2010,1.68
22-12-2010,1.72
23-12-2010,1.76
24-12-2010,1.52
25-12-2010,0.0
26-12-2010,1.16
27-12-2010,1.19
28-12-2010,0.0
29-12-2010,1.21
30-12-2010,1.34
31-12-2010,1.34
01-01-2011,1.51
02-01-2011,1.51
03-01-2011,1.51
04-01-2011,1.45
05-01-2011,1.42
06-01-2011,1.44
07-01-2011,1.5
08-01-2011,1.61
09-01-2011,1.72
10-01-2011,1.7
11-01-2011,1.6
12-01-2011,1.49
13-01-2011,1.31
14-01-2011,1.19
15-01-2011,1.17
16-01-2011,1.15
17-01-2011,1.16
18-01-2011,1.19
19-01-2011,1.24
20-01-2011,1.26
21-01-2011,1.36
22-01-2011,1.49
23-01-2011,1.58
24-01-2011,1.58
25-01-2011,1.38
26-01-2011,1.3
27-01-2011,1.13
28-01-2011,0.94
29-01-2011,0.9
30-01-2011,0.98
31-01-2011,1.04
01-02-2011,1.01
02-02-2011,1.07
03-02-2011,1.07
04-02-2011,1.14
05-02-2011,1.2
06-02-2011,1.26
07-02-2011,1.37
08-02-2011,1.39
09-02-2011,1.36
10-02-2011,1.16
11-02-2011,0.84
12-02-2011,0.73
13-02-2011,0.75
14-02-2011,0.72
15-02-2011,0.73
16-02-2011,0.74
17-02-2011,0.82
18-02-2011,1.0
19-02-2011,1.12
20-02-2011,1.34
21-02-2011,1.41
22-02-2011,1.34
23-02-2011,1.22
24-02-2011,0.91
25-02-2011,0.57
26-02-2011,0.38
27-02-2011,0.39
28-02-2011,0.42
01-03-2011,0.5
02-03-2011,0.6
03-03-2011,0.68
04-03-2011,0.73
05-03-2011,0.74
06-03-2011,0.97
07-03-2011,1.19
08-03-2011,1.22
09-03-2011,1.11
10-03-2011,0.9
11-03-2011,0.66
12-03-2011,0.5
13-03-2011,0.47
14-03-2011,0.53
15-03-2011,0.57
16-03-2011,0.56
17-03-2011,0.62
18-03-2011,0.66
19-03-2011,0.79
20-03-2011,1.01
21-03-2011,1.0
22-03-2011,0.94
23-03-2011,0.79
24-03-2011,0.63
25-03-2011,0.54
26-03-2011,0.34
27-03-2011,0.25
28-03-2011,0.2
29-03-2011,0.19
30-03-2011,0.16
31-03-2011,0.21
01-04-2011,0.17
02-04-2011,0.2
03-04-2011,0.33
04-04-2011,0.76
05-04-2011,0.96
06-04-2011,0.96
07-04-2011,0.83
08-04-2011,0.65
09-04-2011,0.44
10-04-2011,0.02
11-04-2011,0.14
12-04-2011,0.19
13-04-2011,0.22
14-04-2011,0.2
15-04-2011,0.2
16-04-2011,0.31
17-04-2011,0.56
18-04-2011,0.79
19-04-2011,0.78
20-04-2011,0.72
21-04-2011,0.61
22-04-2011,0.46
23-04-2011,0.0
24-04-2011,0.0
25-04-2011,0.0
26-04-2011,0.0
27-04-2011,0.0
28-04-2011,0.0
29-04-2011,0.0
30-04-2011,0.0
01-05-2011,0.0
02-05-2011,0.25
03-05-2011,0.59
04-05-2011,0.73
05-05-2011,0.74
06-05-2011,0.64
07-05-2011,0.44
08-05-2011,0.1
09-05-2011,0.0
10-05-2011,0.0
11-05-2011,0.0
12-05-2011,0.0
13-05-2011,0.0
14-05-2011,0.0
15-05-2011,0.08
16-05-2011,0.34
17-05-2011,0.69
18-05-2011,0.73
19-05-2011,0.7
20-05-2011,0.59
21-05-2011,0.45
22-05-2011,0.2
23-05-2011,0.0
24-05-2011,0.0
25-05-2011,0.0
26-05-2011,0.0
27-05-2011,0.1
28-05-2011,0.18
29-05-2011,0.14
30-05-2011,0.28
31-05-2011,0.5
01-06-2011,0.93
02-06-2011,0.79
03-06-2011,0.61
04-06-2011,0.44
05-06-2011,0.38
06-06-2011,0.43
07-06-2011,0.44
08-06-2011,0.38
09-06-2011,0.42
10-06-2011,0.46
11-06-2011,0.53
12-06-2011,0.74
13-06-2011,0.98
14-06-2011,1.08
15-06-2011,0.97
16-06-2011,0.77
17-06-2011,0.53
18-06-2011,0.42
19-06-2011,0.41
20-06-2011,0.43
21-06-2011,0.57
22-06-2011,0.73
23-06-2011,0.82
24-06-2011,0.91
25-06-2011,0.96
26-06-2011,1.0
27-06-2011,1.11
28-06-2011,1.21
29-06-2011,1.2
30-06-2011,1.16
01-07-2011,1.08
02-07-2011,1.19
03-07-2011,1.39
04-07-2011,1.53
05-07-2011,1.65
06-07-2011,1.73
07-07-2011,1.79
08-07-2011,1.82
09-07-2011,1.81
10-07-2011,1.78
11-07-2011,1.81
12-07-2011,1.87
13-07-2011,1.85
14-07-2011,1.74
15-07-2011,1.64
16-07-2011,1.62
17-07-2011,1.61
18-07-2011,1.62
19-07-2011,1.62
20-07-2011,1.64
21-07-2011,1.68
22-07-2011,1.74
23-07-2011,1.77
24-07-2011,1.85
25-07-2011,1.93
26-07-2011,2.07
27-07-2011,2.13
28-07-2011,2.23
29-07-2011,2.33
30-07-2011,2.4
31-07-2011,2.41
01-08-2011,2.41
02-08-2011,2.43
03-08-2011,2.5
04-08-2011,2.56
05-08-2011,2.61
06-08-2011,2.66
07-08-2011,2.71
08-08-2011,2.78
09-08-2011,2.85
10-08-2011,2.99
11-08-2011,3.08
12-08-2011,3.15
13-08-2011,3.2
14-08-2011,3.25
15-08-2011,3.33
16-08-2011,3.38
17-08-2011,3.45
18-08-2011,3.52
19-08-2011,3.58
20-08-2011,3.63
21-08-2011,3.66
22-08-2011,3.68
23-08-2011,3.7
24-08-2011,3.73
25-08-2011,3.75
26-08-2011,3.78
27-08-2011,3.8
28-08-2011,3.83
29-08-2011,3.82
30-08-2011,3.81
31-08-2011,3.79
01-09-2011,3.77
02-09-2011,3.76
03-09-2011,3.75
04-09-2011,3.75
05-09-2011,3.74
06-09-2011,3.72
07-09-2011,3.73
08-09-2011,3.75
09-09-2011,3.75
10-09-2011,3.75
11-09-2011,3.8
12-09-2011,3.85
13-09-2011,3.9
14-09-2011,3.95
15-09-2011,3.99
16-09-2011,4.03
17-09-2011,4.06
18-09-2011,4.09
19-09-2011,4.12
20-09-2011,4.16
21-09-2011,4.22
22-09-2011,4.28
23-09-2011,4.34
24-09-2011,4.42
25-09-2011,4.53
26-09-2011,4.62
27-09-2011,4.7
28-09-2011,4.75
29-09-2011,4.76
30-09-2011,4.76
01-10-2011,4.76
02-10-2011,4.75
03-10-2011,4.74
04-10-2011,4.71
05-10-2011,4.71
06-10-2011,4.72
07-10-2011,4.75
08-10-2011,4.76
09-10-2011,4.77
10-10-2011,4.78
11-10-2011,4.77
12-10-2011,4.76
13-10-2011,4.74
14-10-2011,4.71
15-10-2011,4.68
16-10-2011,4.67
17-10-2011,4.66
18-10-2011,4.66
19-10-2011,4.68
20-10-2011,4.71
21-10-2011,4.7
22-10-2011,4.69
23-10-2011,4.69
24-10-2011,4.64
25-10-2011,4.64
26-10-2011,4.61
27-10-2011,4.57
28-10-2011,4.5
29-10-2011,4.43
30-10-2011,4.37
31-10-2011,4.3
01-11-2011,4.23
02-11-2011,4.14
03-11-2011,4.07
04-11-2011,3.99
05-11-2011,3.92
06-11-2011,3.85
07-11-2011,3.78
08-11-2011,3.72
09-11-2011,3.66
10-11-2011,3.62
11-11-2011,3.65
12-11-2011,3.64
13-11-2011,3.61
14-11-2011,3.57
15-11-2011,3.51
16-11-2011,3.44
17-11-2011,3.37
18-11-2011,3.29
19-11-2011,0.0
20-11-2011,3.19
21-11-2011,3.14
22-11-2011,3.11
23-11-2011,3.09
24-11-2011,3.08
25-11-2011,3.07
26-11-2011,3.02
27-11-2011,2.95
28-11-2011,2.87
29-11-2011,2.78
30-11-2011,2.69
01-12-2011,2.61
02-12-2011,2.54
03-12-2011,2.49
04-12-2011,2.44
05-12-2011,2.37
06-12-2011,2.31
07-12-2011,1.53
08-12-2011,2.28
09-12-2011,2.27
10-12-2011,2.27
11-12-2011,2.28
12-12-2011,2.24
13-12-2011,2.13
14-12-2011,2.02
15-12-2011,1.97
16-12-2011,1.94
17-12-2011,1.93
18-12-2011,1.91
19-12-2011,1.87
20-12-2011,1.87
21-12-2011,1.86
22-12-2011,1.92
23-12-2011,2.02
24-12-2011,2.11
25-12-2011,2.15
26-12-2011,2.03
27-12-2011,1.86
28-12-2011,1.68
29-12-2011,1.56
30-12-2011,0.0
31-12-2011,1.52
01-01-2012,1.23
02-01-2012,1.05
03-01-2012,0.94
04-01-2012,0.93
05-01-2012,0.89
06-01-2012,0.86
07-01-2012,0.96
08-01-2012,1.0
09-01-2012,1.2
10-01-2012,1.36
11-01-2012,1.65
12-01-2012,1.68
13-01-2012,1.56
14-01-2012,1.4
15-01-2012,1.08
16-01-2012,0.76
17-01-2012,0.69
18-01-2012,0.69
19-01-2012,0.84
20-01-2012,0.75
21-01-2012,0.77
22-01-2012,0.92
23-01-2012,0.97
24-01-2012,1.11
25-01-2012,1.24
26-01-2012,1.36
27-01-2012,1.29
28-01-2012,1.26
29-01-2012,1.18
30-01-2012,0.89
31-01-2012,0.63
01-02-2012,0.47
02-02-2012,0.43
03-02-2012,0.49
04-02-2012,0.53
05-02-2012,0.59
06-02-2012,0.7
07-02-2012,0.85
08-02-2012,1.01
09-02-2012,1.25
10-02-2012,1.35
11-02-2012,1.29
12-02-2012,1.1
13-02-2012,0.82
14-02-2012,0.52
15-02-2012,0.41
16-02-2012,0.42
17-02-2012,0.5
18-02-2012,0.47
19-02-2012,0.45
20-02-2012,0.53
21-02-2012,0.68
22-02-2012,0.77
23-02-2012,1.0
24-02-2012,1.18
25-02-2012,1.26
26-02-2012,1.24
27-02-2012,1.1
28-02-2012,0.87
01-03-2012,0.51
02-03-2012,0.13
03-03-2012,0.15
04-03-2012,0.22
05-03-2012,0.35
06-03-2012,0.0
07-03-2012,0.7
08-03-2012,0.83
09-03-2012,1.05
10-03-2012,1.16
11-03-2012,1.09
12-03-2012,0.92
13-03-2012,0.74
14-03-2012,0.36
15-03-2012,0.04
16-03-2012,0.06
17-03-2012,0.06
18-03-2012,0.03
19-03-2012,0.07
20-03-2012,0.11
21-03-2012,0.07
22-03-2012,0.16
23-03-2012,0.32
24-03-2012,0.62
25-03-2012,0.81
26-03-2012,0.87
27-03-2012,0.83
28-03-2012,0.69
29-03-2012,0.48
30-03-2012,0.15
31-03-2012,0.0
01-04-2012,0.04
02-04-2012,0.09
03-04-2012,0.18
04-04-2012,0.22
05-04-2012,0.29
06-04-2012,0.38
07-04-2012,0.68
08-04-2012,0.91
09-04-2012,0.92
10-04-2012,0.82
11-04-2012,0.8
12-04-2012,0.64
13-04-2012,0.25
14-04-2012,0.09
15-04-2012,0.06
16-04-2012,0.05
17-04-2012,0.0
18-04-2012,0.0
19-04-2012,0.0
20-04-2012,0.0
21-04-2012,0.01
22-04-2012,0.39
23-04-2012,0.72
24-04-2012,0.77
25-04-2012,0.79
26-04-2012,0.71
27-04-2012,0.59
28-04-2012,0.2
29-04-2012,0.0
30-04-2012,0.0
01-05-2012,0.08
02-05-2012,0.09
03-05-2012,0.13
04-05-2012,0.23
05-05-2012,0.41
06-05-2012,0.79
07-05-2012,0.95
08-05-2012,0.92
09-05-2012,0.89
10-05-2012,0.75
11-05-2012,0.55
12-05-2012,0.19
13-05-2012,0.0
14-05-2012,0.0
15-05-2012,0.0
16-05-2012,0.0
17-05-2012,0.0
18-05-2012,0.0
19-05-2012,0.0
20-05-2012,0.13
21-05-2012,0.35
22-05-2012,0.7
23-05-2012,0.89
24-05-2012,0.85
25-05-2012,0.77
26-05-2012,0.5
27-05-2012,0.13
28-05-2012,0.0
29-05-2012,0.0
30-05-2012,0.09
31-05-2012,0.14
01-06-2012,0.83
02-06-2012,1.09
03-06-2012,1.14
04-06-2012,0.97
05-06-2012,0.66
06-06-2012,0.45
07-06-2012,0.4
08-06-2012,0.45
09-06-2012,0.56
10-06-2012,0.57
11-06-2012,0.58
12-06-2012,0.55
13-06-2012,0.52
14-06-2012,0.64
15-06-2012,0.79
16-06-2012,0.92
17-06-2012,0.89
18-06-2012,0.65
19-06-2012,0.77
20-06-2012,0.53
21-06-2012,0.36
22-06-2012,0.4
23-06-2012,0.55
24-06-2012,0.72
25-06-2012,0.74
26-06-2012,0.74
27-06-2012,0.69
28-06-2012,0.71
29-06-2012,0.83
30-06-2012,1.11
01-07-2012,1.21
02-07-2012,1.34
03-07-2012,1.3
04-07-2012,1.12
05-07-2012,0.99
06-07-2012,0.97
07-07-2012,1.14
08-07-2012,1.37
09-07-2012,1.5
10-07-2012,1.54
11-07-2012,1.54
12-07-2012,1.49
13-07-2012,1.49
14-07-2012,1.57
15-07-2012,1.62
16-07-2012,1.61
17-07-2012,1.54
18-07-2012,1.44
19-07-2012,1.34
20-07-2012,1.26
21-07-2012,1.2
22-07-2012,1.17
23-07-2012,1.12
24-07-2012,1.09
25-07-2012,1.09
26-07-2012,1.13
27-07-2012,1.19
28-07-2012,1.3
29-07-2012,1.42
30-07-2012,1.64
31-07-2012,1.67
01-08-2012,1.64
02-08-2012,1.57
03-08-2012,1.54
04-08-2012,1.55
05-08-2012,1.82
06-08-2012,2.08
07-08-2012,2.14
08-08-2012,2.09
09-08-2012,2.06
10-08-2012,2.03
11-08-2012,2.0
12-08-2012,1.96
13-08-2012,2.01
14-08-2012,2.06
15-08-2012,2.09
16-08-2012,2.14
17-08-2012,2.12
18-08-2012,2.12
19-08-2012,2.13
20-08-2012,2.15
21-08-2012,2.15
22-08-2012,2.17
23-08-2012,2.16
24-08-2012,2.15
25-08-2012,2.17
26-08-2012,2.2
27-08-2012,2.29
28-08-2012,2.42
29-08-2012,2.48
30-08-2012,2.51
31-08-2012,2.52
01-09-2012,2.53
02-09-2012,2.53
03-09-2012,2.51
04-09-2012,2.52
05-09-2012,2.6
06-09-2012,2.68
07-09-2012,2.71
08-09-2012,2.73
09-09-2012,2.73
10-09-2012,2.72
11-09-2012,2.73
12-09-2012,2.78
13-09-2012,2.81
14-09-2012,2.87
15-09-2012,2.9
16-09-2012,2.96
17-09-2012,3.0
18-09-2012,3.0
19-09-2012,2.99
20-09-2012,2.98
21-09-2012,2.97
22-09-2012,2.98
23-09-2012,2.97
24-09-2012,2.98
25-09-2012,3.04
26-09-2012,3.14
27-09-2012,3.14
28-09-2012,3.17
29-09-2012,3.17
30-09-2012,3.18
01-10-2012,3.18
02-10-2012,3.16
03-10-2012,3.14
04-10-2012,3.1
05-10-2012,3.07
06-10-2012,3.07
07-10-2012,3.06
08-10-2012,3.08
09-10-2012,3.08
10-10-2012,3.1
11-10-2012,3.13
12-10-2012,3.16
13-10-2012,3.19
14-10-2012,3.15
15-10-2012,3.12
16-10-2012,3.08
17-10-2012,3.02
18-10-2012,2.95
19-10-2012,2.86
20-10-2012,2.77
21-10-2012,2.69
22-10-2012,2.65
23-10-2012,2.59
24-10-2012,2.54
25-10-2012,2.52
26-10-2012,2.52
27-10-2012,2.47
28-10-2012,2.42
29-10-2012,2.37
30-10-2012,2.32
31-10-2012,2.27
01-11-2012,2.2
02-11-2012,2.14
03-11-2012,2.08
04-11-2012,2.02
05-11-2012,2.02
06-11-2012,1.99
07-11-2012,1.95
08-11-2012,1.95
09-11-2012,1.97
10-11-2012,2.01
11-11-2012,2.04
12-11-2012,2.16
13-11-2012,2.17
14-11-2012,2.14
15-11-2012,2.09
16-11-2012,1.97
17-11-2012,1.86
18-11-2012,1.7
19-11-2012,1.68
20-11-2012,1.73
21-11-2012,1.71
22-11-2012,1.71
23-11-2012,1.75
24-11-2012,1.77
25-11-2012,1.78
26-11-2012,1.76
27-11-2012,1.72
28-11-2012,1.71
29-11-2012,1.69
30-11-2012,1.66
01-12-2012,1.57
02-12-2012,1.47
03-12-2012,1.34
04-12-2012,1.35
05-12-2012,1.29
06-12-2012,1.29
07-12-2012,1.36
08-12-2012,1.45
09-12-2012,1.48
10-12-2012,1.55
11-12-2012,1.69
12-12-2012,1.82
13-12-2012,1.93
14-12-2012,1.96
15-12-2012,1.87
16-12-2012,1.65
17-12-2012,1.38
18-12-2012,1.24
19-12-2012,1.21
20-12-2012,1.26
21-12-2012,1.21
22-12-2012,1.23
23-12-2012,1.21
24-12-2012,1.47
25-12-2012,1.45
26-12-2012,1.44
27-12-2012,1.53
28-12-2012,1.61
29-12-2012,1.62
30-12-2012,1.49
31-12-2012,1.41
01-01-2013,2.08
02-01-2013,2.07
03-01-2013,1.96
04-01-2013,1.64
05-01-2013,1.42
06-01-2013,1.34
07-01-2013,1.24
08-01-2013,1.22
09-01-2013,1.25
10-01-2013,1.43
11-01-2013,1.38
12-01-2013,1.32
13-01-2013,1.43
14-01-2013,1.58
15-01-2013,1.61
16-01-2013,1.64
17-01-2013,1.51
18-01-2013,1.38
19-01-2013,1.28
20-01-2013,1.08
21-01-2013,0.9
22-01-2013,0.89
23-01-2013,0.9
24-01-2013,0.88
25-01-2013,0.92
26-01-2013,0.97
27-01-2013,1.06
28-01-2013,1.21
29-01-2013,1.35
30-01-2013,1.59
31-01-2013,1.65
01-02-2013,1.53
02-02-2013,1.27
03-02-2013,0.84
04-02-2013,0.63
05-02-2013,0.65
06-02-2013,0.7
07-02-2013,0.67
08-02-2013,0.69
09-02-2013,0.75
10-02-2013,0.79
11-02-2013,0.88
12-02-2013,1.18
13-02-2013,1.3
14-02-2013,1.37
15-02-2013,1.44
16-02-2013,1.33
17-02-2013,1.04
18-02-2013,0.72
19-02-2013,0.48
20-02-2013,0.47
21-02-2013,0.61
22-02-2013,0.59
23-02-2013,0.56
24-02-2013,0.69
25-02-2013,0.75
26-02-2013,0.83
27-02-2013,1.08
28-02-2013,1.32
01-03-2013,1.31
02-03-2013,1.18
03-03-2013,0.96
04-03-2013,0.48
05-03-2013,0.17
06-03-2013,0.21
07-03-2013,0.25
08-03-2013,0.32
09-03-2013,0.33
10-03-2013,0.45
11-03-2013,0.6
12-03-2013,0.74
13-03-2013,0.82
14-03-2013,0.99
15-03-2013,1.22
16-03-2013,1.24
17-03-2013,1.13
18-03-2013,0.96
19-03-2013,0.78
20-03-2013,0.34
21-03-2013,0.16
22-03-2013,0.26
23-03-2013,0.38
24-03-2013,0.43
25-03-2013,0.55
26-03-2013,0.55
27-03-2013,0.73
28-03-2013,1.05
29-03-2013,1.19
30-03-2013,1.12
31-03-2013,1.0
01-04-2013,0.75
02-04-2013,0.33
03-04-2013,0.08
04-04-2013,0.08
05-04-2013,0.12
06-04-2013,0.19
07-04-2013,0.19
08-04-2013,0.13
09-04-2013,0.15
10-04-2013,0.29
11-04-2013,0.54
12-04-2013,0.77
13-04-2013,0.87
14-04-2013,0.88
15-04-2013,0.8
16-04-2013,0.71
17-04-2013,0.51
18-04-2013,0.18
19-04-2013,0.03
20-04-2013,0.09
21-04-2013,0.12
22-04-2013,0.15
23-04-2013,0.17
24-04-2013,0.27
25-04-2013,0.44
26-04-2013,0.73
27-04-2013,0.97
28-04-2013,0.95
29-04-2013,0.88
30-04-2013,0.71
01-05-2013,0.26
02-05-2013,0.03
03-05-2013,0.0
04-05-2013,0.0
05-05-2013,0.02
06-05-2013,0.11
07-05-2013,0.14
08-05-2013,0.11
09-05-2013,0.17
10-05-2013,0.39
11-05-2013,0.69
12-05-2013,0.84
13-05-2013,0.82
14-05-2013,0.7
15-05-2013,0.66
16-05-2013,0.42
17-05-2013,0.02
18-05-2013,0.0
19-05-2013,0.0
20-05-2013,0.0
21-05-2013,0.06
22-05-2013,0.14
23-05-2013,0.22
24-05-2013,0.37
25-05-2013,0.69
26-05-2013,0.88
27-05-2013,0.86
28-05-2013,0.77
29-05-2013,0.56
30-05-2013,0.29
31-05-2013,0.0
01-06-2013,0.17
02-06-2013,0.32
03-06-2013,0.43
04-06-2013,0.72
05-06-2013,0.93
06-06-2013,0.91
07-06-2013,0.86
08-06-2013,0.77
09-06-2013,0.39
10-06-2013,0.02
11-06-2013,0.0
12-06-2013,0.0
13-06-2013,0.0
14-06-2013,0.0
15-06-2013,0.0
16-06-2013,0.0
17-06-2013,0.13
18-06-2013,0.38
19-06-2013,0.58
20-06-2013,0.82
21-06-2013,0.97
22-06-2013,0.94
23-06-2013,0.91
24-06-2013,0.76
25-06-2013,0.43
26-06-2013,0.34
27-06-2013,0.65
28-06-2013,0.77
29-06-2013,0.8
30-06-2013,0.81
01-07-2013,0.83
02-07-2013,0.87
03-07-2013,1.01
04-07-2013,1.16
05-07-2013,1.21
06-07-2013,1.21
07-07-2013,1.1
08-07-2013,0.91
09-07-2013,0.76
10-07-2013,0.64
11-07-2013,0.57
12-07-2013,0.5
13-07-2013,0.5
14-07-2013,0.54
15-07-2013,0.53
16-07-2013,0.5
17-07-2013,0.64
18-07-2013,0.87
19-07-2013,1.11
20-07-2013,1.28
21-07-2013,1.46
22-07-2013,1.59
23-07-2013,1.64
24-07-2013,1.62
25-07-2013,1.55
26-07-2013,1.64
27-07-2013,1.75
28-07-2013,1.78
29-07-2013,1.79
30-07-2013,1.8
31-07-2013,1.89
01-08-2013,2.03
02-08-2013,2.17
03-08-2013,2.27
04-08-2013,2.43
05-08-2013,2.47
06-08-2013,2.51
07-08-2013,2.53
08-08-2013,2.54
09-08-2013,2.54
10-08-2013,2.53
11-08-2013,2.54
12-08-2013,2.58
13-08-2013,2.63
14-08-2013,2.65
15-08-2013,2.7
16-08-2013,2.75
17-08-2013,2.81
18-08-2013,2.84
19-08-2013,2.85
20-08-2013,2.78
21-08-2013,2.7
22-08-2013,2.59
23-08-2013,2.54
24-08-2013,2.48
25-08-2013,2.47
26-08-2013,2.5
27-08-2013,2.54
28-08-2013,2.6
29-08-2013,2.65
30-08-2013,2.68
31-08-2013,2.75
01-09-2013,2.82
02-09-2013,2.85
03-09-2013,2.85
04-09-2013,2.84
05-09-2013,2.82
06-09-2013,2.79
07-09-2013,2.74
08-09-2013,2.75
09-09-2013,2.78
10-09-2013,2.81
11-09-2013,2.83
12-09-2013,2.82
13-09-2013,2.82
14-09-2013,2.84
15-09-2013,2.88
16-09-2013,2.92
17-09-2013,2.99
18-09-2013,3.03
19-09-2013,3.04
20-09-2013,3.14
21-09-2013,3.22
22-09-2013,3.28
23-09-2013,3.36
24-09-2013,3.43
25-09-2013,3.52
26-09-2013,3.62
27-09-2013,3.75
28-09-2013,3.9
29-09-2013,4.01
30-09-2013,4.12
01-10-2013,4.21
02-10-2013,4.31
03-10-2013,4.33
04-10-2013,4.31
05-10-2013,4.27
06-10-2013,4.24
07-10-2013,4.22
08-10-2013,4.22
09-10-2013,4.2
10-10-2013,4.19
11-10-2013,4.16
12-10-2013,4.13
13-10-2013,4.1
14-10-2013,4.06
15-10-2013,3.99
16-10-2013,3.94
17-10-2013,3.92
18-10-2013,3.92
19-10-2013,3.95
20-10-2013,3.96
21-10-2013,3.97
22-10-2013,3.95
23-10-2013,3.9
24-10-2013,3.85
25-10-2013,3.77
26-10-2013,3.74
27-10-2013,3.7
28-10-2013,3.62
29-10-2013,3.54
30-10-2013,3.48
31-10-2013,3.43
01-11-2013,3.37
02-11-2013,3.33
03-11-2013,3.28
04-11-2013,3.24
05-11-2013,3.18
06-11-2013,3.15
07-11-2013,3.1
08-11-2013,3.04
09-11-2013,3.0
10-11-2013,2.94
11-11-2013,2.9
12-11-2013,2.93
13-11-2013,2.97
14-11-2013,2.96
15-11-2013,2.96
16-11-2013,2.93
17-11-2013,2.9
18-11-2013,2.85
19-11-2013,2.82
20-11-2013,2.79
21-11-2013,2.73
22-11-2013,2.65
23-11-2013,2.6
24-11-2013,2.53
25-11-2013,2.46
26-11-2013,2.43
27-11-2013,2.4
28-11-2013,2.36
29-11-2013,2.37
30-11-2013,2.4
01-12-2013,2.41
02-12-2013,2.45
03-12-2013,2.47
04-12-2013,2.41
05-12-2013,2.35
06-12-2013,2.2
07-12-2013,2.07
08-12-2013,1.98
09-12-2013,1.94
10-12-2013,1.91
11-12-2013,1.94
12-12-2013,1.94
13-12-2013,1.92
14-12-2013,1.91
15-12-2013,1.93
16-12-2013,1.93
17-12-2013,1.96
18-12-2013,1.88
19-12-2013,1.84
20-12-2013,1.74
21-12-2013,1.74
22-12-2013,1.49
23-12-2013,1.49
24-12-2013,1.48
25-12-2013,1.48
26-12-2013,1.5
27-12-2013,1.61
28-12-2013,1.78
29-12-2013,0.0
30-12-2013,1.91
31-12-2013,1.96
01-01-2014,0.0
02-01-2014,0.0
03-01-2014,0.0
04-01-2014,0.0
05-01-2014,0.0
06-01-2014,0.0
07-01-2014,0.0
08-01-2014,0.0
09-01-2014,0.0
10-01-2014,0.0
11-01-2014,0.0
12-01-2014,0.0
13-01-2014,0.0
14-01-2014,0.0
15-01-2014,0.0
16-01-2014,0.0
17-01-2014,0.0
18-01-2014,0.0
19-01-2014,0.0
20-01-2014,0.0
21-01-2014,0.0
22-01-2014,0.0
23-01-2014,0.0
24-01-2014,0.0
25-01-2014,0.0
26-01-2014,0.0
27-01-2014,0.0
28-01-2014,0.0
29-01-2014,0.0
30-01-2014,0.0
31-01-2014,0.0
01-02-2014,0.0
02-02-2014,0.0
03-02-2014,0.0
04-02-2014,0.0
05-02-2014,0.0
06-02-2014,0.0
07-02-2014,0.0
08-02-2014,0.0
09-02-2014,0.0
10-02-2014,0.0
11-02-2014,0.0
12-02-2014,0.0
13-02-2014,0.0
14-02-2014,0.0
15-02-2014,0.0
16-02-2014,0.0
17-02-2014,0.0
18-02-2014,0.0
19-02-2014,0.0
20-02-2014,0.0
21-02-2014,0.0
22-02-2014,0.0
23-02-2014,0.0
24-02-2014,0.0
25-02-2014,0.0
26-02-2014,0.0
27-02-2014,0.0
28-02-2014,0.0
01-03-2014,0.0
02-03-2014,0.0
03-03-2014,0.95
04-03-2014,0.97
05-03-2014,0.94
06-03-2014,0.83
07-03-2014,0.71
08-03-2014,0.73
09-03-2014,0.3
10-03-2014,0.13
11-03-2014,0.11
12-03-2014,0.09
13-03-2014,0.08
14-03-2014,0.12
15-03-2014,0.18
16-03-2014,0.27
17-03-2014,0.0
18-03-2014,0.0
19-03-2014,0.0
20-03-2014,0.0
21-03-2014,0.0
22-03-2014,0.0
23-03-2014,0.31
24-03-2014,0.08
25-03-2014,0.19
26-03-2014,0.26
27-03-2014,0.35
28-03-2014,0.41
29-03-2014,0.48
30-03-2014,0.53
31-03-2014,0.0
01-04-2014,0.0
02-04-2014,0.0
03-04-2014,0.0
04-04-2014,0.0
05-04-2014,0.0
06-04-2014,0.0
07-04-2014,0.0
08-04-2014,0.0
09-04-2014,0.0
10-04-2014,0.0
11-04-2014,0.0
12-04-2014,0.0
13-04-2014,0.29
14-04-2014,0.44
15-04-2014,0.89
16-04-2014,1.02
17-04-2014,1.15
18-04-2014,1.06
19-04-2014,0.99
20-04-2014,0.7
21-04-2014,0.19
22-04-2014,0.0
23-04-2014,0.0
24-04-2014,0.02
25-04-2014,0.12
26-04-2014,0.19
27-04-2014,0.25
28-04-2014,0.23
29-04-2014,0.36
30-04-2014,0.69
01-05-2014,0.79
02-05-2014,0.82
03-05-2014,0.73
04-05-2014,0.53
05-05-2014,0.36
06-05-2014,0.15
07-05-2014,0.0
08-05-2014,0.21
09-05-2014,0.0
10-05-2014,0.0
11-05-2014,0.0
12-05-2014,0.74
13-05-2014,0.11
14-05-2014,0.43
15-05-2014,0.78
16-05-2014,0.96
17-05-2014,0.94
18-05-2014,0.78
19-05-2014,0.52
20-05-2014,0.06
21-05-2014,0.0
22-05-2014,0.0
23-05-2014,0.0
24-05-2014,0.0
25-05-2014,0.0
26-05-2014,0.0
27-05-2014,0.0
28-05-2014,0.05
29-05-2014,0.32
30-05-2014,0.58
31-05-2014,0.64
01-06-2014,0.0
02-06-2014,0.0
03-06-2014,0.0
04-06-2014,0.0
05-06-2014,0.0
06-06-2014,0.0
07-06-2014,0.0
08-06-2014,0.0
09-06-2014,0.0
10-06-2014,0.0
11-06-2014,0.0
12-06-2014,0.0
13-06-2014,0.0
14-06-2014,0.0
15-06-2014,0.0
16-06-2014,0.0
17-06-2014,0.0
18-06-2014,0.0
19-06-2014,0.0
20-06-2014,0.0
21-06-2014,0.0
22-06-2014,0.0
23-06-2014,0.0
24-06-2014,0.0
25-06-2014,0.0
26-06-2014,0.0
27-06-2014,0.0
28-06-2014,0.0
29-06-2014,0.0
30-06-2014,0.0
01-07-2014,0.0
02-07-2014,0.0
03-07-2014,0.0
04-07-2014,0.0
05-07-2014,0.0
06-07-2014,0.0
07-07-2014,0.0
08-07-2014,0.0
09-07-2014,0.0
10-07-2014,0.0
11-07-2014,0.0
12-07-2014,0.0
13-07-2014,0.0
14-07-2014,0.0
15-07-2014,0.0
16-07-2014,0.0
17-07-2014,0.0
18-07-2014,0.0
19-07-2014,0.0
20-07-2014,0.0
21-07-2014,0.0
22-07-2014,0.0
23-07-2014,0.0
24-07-2014,0.0
25-07-2014,0.0
26-07-2014,0.0
27-07-2014,0.0
28-07-2014,0.0
29-07-2014,0.0
30-07-2014,0.0
31-07-2014,0.0
01-08-2014,0.0
02-08-2014,0.0
03-08-2014,0.0
04-08-2014,0.0
05-08-2014,0.0
06-08-2014,0.0
07-08-2014,0.0
08-08-2014,0.0
09-08-2014,0.0
10-08-2014,0.0
11-08-2014,0.0
12-08-2014,0.0
13-08-2014,0.0
14-08-2014,0.0
15-08-2014,0.0
16-08-2014,0.0
17-08-2014,0.0
18-08-2014,0.0
19-08-2014,0.0
20-08-2014,0.0
21-08-2014,0.0
22-08-2014,0.0
23-08-2014,0.0
24-08-2014,0.0
25-08-2014,0.0
26-08-2014,0.0
27-08-2014,0.0
28-08-2014,0.0
29-08-2014,0.0
30-08-2014,0.0
31-08-2014,0.0
01-09-2014,0.0
02-09-2014,0.0
03-09-2014,0.0
04-09-2014,0.0
05-09-2014,0.0
06-09-2014,0.0
07-09-2014,0.0
08-09-2014,0.0
09-09-2014,0.0
10-09-2014,0.0
11-09-2014,0.0
12-09-2014,0.0
13-09-2014,0.0
14-09-2014,0.0
15-09-2014,0.0
16-09-2014,0.0
17-09-2014,0.0
18-09-2014,0.0
19-09-2014,0.0
20-09-2014,0.0
21-09-2014,0.0
22-09-2014,0.0
23-09-2014,0.0
24-09-2014,0.0
25-09-2014,0.0
26-09-2014,0.0
27-09-2014,0.0
28-09-2014,0.0
29-09-2014,0.0
30-09-2014,0.0
01-10-2014,0.0
02-10-2014,0.0
03-10-2014,0.0
04-10-2014,0.0
05-10-2014,0.0
06-10-2014,0.0
07-10-2014,0.0
08-10-2014,0.0
09-10-2014,0.0
10-10-2014,0.0
11-10-2014,0.0
12-10-2014,0.0
13-10-2014,0.0
14-10-2014,0.0
15-10-2014,0.0
16-10-2014,0.0
17-10-2014,0.0
18-10-2014,0.0
19-10-2014,0.0
20-10-2014,0.0
21-10-2014,0.0
22-10-2014,0.0
23-10-2014,0.0
24-10-2014,0.0
25-10-2014,0.0
26-10-2014,0.0
27-10-2014,0.0
28-10-2014,0.0
29-10-2014,0.0
30-10-2014,0.0
31-10-2014,0.0
01-11-2014,0.0
02-11-2014,0.0
03-11-2014,0.0
04-11-2014,0.0
05-11-2014,0.0
06-11-2014,0.0
07-11-2014,0.0
08-11-2014,0.0
09-11-2014,0.0
10-11-2014,0.0
11-11-2014,0.0
12-11-2014,0.0
13-11-2014,0.0
14-11-2014,0.0
15-11-2014,0.0
16-11-2014,0.0
17-11-2014,0.0
18-11-2014,0.0
19-11-2014,0.0
20-11-2014,0.0
21-11-2014,0.0
22-11-2014,0.0
23-11-2014,0.0
24-11-2014,0.0
25-11-2014,0.0
26-11-2014,0.0
27-11-2014,0.0
28-11-2014,0.0
29-11-2014,0.0
30-11-2014,0.0
01-12-2014,0.0
02-12-2014,0.0
03-12-2014,0.0
04-12-2014,0.0
05-12-2014,0.0
06-12-2014,0.0
07-12-2014,0.0
08-12-2014,0.0
09-12-2014,0.0
10-12-2014,0.0
11-12-2014,0.0
12-12-2014,0.0
13-12-2014,0.0
14-12-2014,0.0
15-12-2014,0.0
16-12-2014,0.0
17-12-2014,0.0
18-12-2014,0.0
19-12-2014,0.0
20-12-2014,0.0
21-12-2014,0.0
22-12-2014,0.0
23-12-2014,0.0
24-12-2014,0.0
25-12-2014,0.0
26-12-2014,0.0
27-12-2014,0.0
28-12-2014,0.0
29-12-2014,0.0
30-12-2014,0.0
31-12-2014,0.0
01-01-2015,0.75
02-01-2015,0.77
03-01-2015,0.68
04-01-2015,0.76
05-01-2015,0.8
06-01-2015,0.9
07-01-2015,1.03
08-01-2015,1.19
09-01-2015,1.27
10-01-2015,1.29
11-01-2015,1.22
12-01-2015,1.09
13-01-2015,0.94
14-01-2015,0.66
15-01-2015,0.47
16-01-2015,0.44
17-01-2015,0.45
18-01-2015,0.5
19-01-2015,0.62
20-01-2015,0.82
21-01-2015,1.02
22-01-2015,1.2
23-01-2015,1.27
24-01-2015,1.37
25-01-2015,1.37
26-01-2015,1.32
27-01-2015,1.0
28-01-2015,0.69
29-01-2015,0.4
30-01-2015,0.33
31-01-2015,0.39
01-02-2015,0.39
02-02-2015,0.42
03-02-2015,0.6
04-02-2015,0.79
05-02-2015,0.99
06-02-2015,1.21
07-02-2015,1.47
08-02-2015,1.58
09-02-2015,1.43
10-02-2015,1.31
11-02-2015,1.07
12-02-2015,0.56
13-02-2015,0.28
14-02-2015,0.29
15-02-2015,0.26
16-02-2015,0.38
17-02-2015,0.58
18-02-2015,0.73
19-02-2015,0.89
20-02-2015,1.11
21-02-2015,1.27
22-02-2015,1.25
23-02-2015,1.12
24-02-2015,1.03
25-02-2015,0.84
26-02-2015,0.5
27-02-2015,0.31
28-02-2015,0.28
01-03-2015,0.29
02-03-2015,0.25
03-03-2015,0.29
04-03-2015,0.37
05-03-2015,0.5
06-03-2015,0.69
07-03-2015,0.93
08-03-2015,1.03
09-03-2015,0.95
10-03-2015,0.84
11-03-2015,0.57
12-03-2015,0.32
13-03-2015,0.01
14-03-2015,0.05
15-03-2015,0.11
16-03-2015,0.23
17-03-2015,0.25
18-03-2015,0.31
19-03-2015,0.44
20-03-2015,0.71
21-03-2015,0.82
22-03-2015,0.8
23-03-2015,0.71
24-03-2015,0.57
25-03-2015,0.4
26-03-2015,0.42
27-03-2015,0.36
28-03-2015,0.27
29-03-2015,0.19
30-03-2015,0.1
31-03-2015,0.01
01-04-2015,0.01
02-04-2015,0.09
03-04-2015,0.19
04-04-2015,0.38
05-04-2015,0.79
06-04-2015,0.96
07-04-2015,0.93
08-04-2015,0.86
09-04-2015,0.64
10-04-2015,0.12
11-04-2015,0.0
12-04-2015,0.0
13-04-2015,0.0
14-04-2015,0.0
15-04-2015,0.0
16-04-2015,0.0
17-04-2015,0.2
18-04-2015,0.46
19-04-2015,0.7
20-04-2015,0.83
21-04-2015,0.85
22-04-2015,0.73
23-04-2015,0.5
24-04-2015,0.24
25-04-2015,0.01
26-04-2015,0.0
27-04-2015,0.0
28-04-2015,0.0
29-04-2015,0.0
30-04-2015,0.0
01-05-2015,0.0
02-05-2015,0.0
03-05-2015,0.27
04-05-2015,0.68
05-05-2015,0.85
06-05-2015,0.84
07-05-2015,0.78
08-05-2015,0.56
09-05-2015,0.06
10-05-2015,0.0
11-05-2015,0.0
12-05-2015,0.0
13-05-2015,0.0
14-05-2015,0.0
15-05-2015,0.0
16-05-2015,0.15
17-05-2015,0.53
18-05-2015,0.76
19-05-2015,0.8
20-05-2015,0.81
21-05-2015,0.69
22-05-2015,0.47
23-05-2015,0.25
24-05-2015,0.07
25-05-2015,0.0
26-05-2015,0.0
27-05-2015,0.0
28-05-2015,0.0
29-05-2015,0.0
30-05-2015,0.0
31-05-2015,0.1
01-06-2015,0.62
02-06-2015,0.54
03-06-2015,0.41
04-06-2015,0.5
05-06-2015,0.0
06-06-2015,0.0
07-06-2015,0.0
08-06-2015,0.0
09-06-2015,0.0
10-06-2015,0.01
11-06-2015,0.16
12-06-2015,0.41
13-06-2015,0.72
14-06-2015,0.8
15-06-2015,0.78
16-06-2015,0.73
17-06-2015,0.52
18-06-2015,0.31
19-06-2015,0.0
20-06-2015,0.0
21-06-2015,0.0
22-06-2015,0.0
23-06-2015,0.0
24-06-2015,0.0
25-06-2015,0.0
26-06-2015,0.29
27-06-2015,0.65
28-06-2015,0.86
29-06-2015,0.99
30-06-2015,0.96
01-07-2015,0.82
02-07-2015,0.67
03-07-2015,0.38
04-07-2015,0.09
05-07-2015,0.0
06-07-2015,0.0
07-07-2015,0.0
08-07-2015,0.0
09-07-2015,0.0
10-07-2015,0.08
11-07-2015,0.34
12-07-2015,0.74
13-07-2015,0.96
14-07-2015,1.04
15-07-2015,0.98
16-07-2015,0.8
17-07-2015,0.58
18-07-2015,0.41
19-07-2015,0.35
20-07-2015,0.35
21-07-2015,0.39
22-07-2015,0.35
23-07-2015,0.44
24-07-2015,0.6
25-07-2015,0.81
26-07-2015,1.01
27-07-2015,1.21
28-07-2015,1.41
29-07-2015,1.46
30-07-2015,1.47
31-07-2015,1.48
01-08-2015,1.4
02-08-2015,1.35
03-08-2015,1.35
04-08-2015,1.44
05-08-2015,1.52
06-08-2015,1.64
07-08-2015,1.72
08-08-2015,1.83
09-08-2015,1.91
10-08-2015,2.03
11-08-2015,2.14
12-08-2015,2.17
13-08-2015,2.18
14-08-2015,2.19
15-08-2015,2.14
16-08-2015,2.04
17-08-2015,1.93
18-08-2015,1.8
19-08-2015,1.72
20-08-2015,1.66
21-08-2015,1.57
22-08-2015,1.49
23-08-2015,1.42
24-08-2015,1.39
25-08-2015,1.48
26-08-2015,1.63
27-08-2015,1.74
28-08-2015,1.87
29-08-2015,1.91
30-08-2015,1.87
31-08-2015,1.7
01-09-2015,1.55
02-09-2015,1.54
03-09-2015,1.65
04-09-2015,1.78
05-09-2015,1.87
06-09-2015,1.95
07-09-2015,2.0
08-09-2015,2.07
09-09-2015,2.17
10-09-2015,2.19
11-09-2015,2.16
12-09-2015,2.17
13-09-2015,2.14
14-09-2015,2.16
15-09-2015,2.09
16-09-2015,2.07
17-09-2015,2.12
18-09-2015,2.17
19-09-2015,2.18
20-09-2015,2.2
21-09-2015,2.2
22-09-2015,2.17
23-09-2015,2.16
24-09-2015,2.2
25-09-2015,2.29
26-09-2015,2.3
27-09-2015,2.29
28-09-2015,2.28
29-09-2015,2.17
30-09-2015,2.07
01-10-2015,2.03
02-10-2015,1.99
03-10-2015,2.0
04-10-2015,2.02
05-10-2015,2.05
06-10-2015,2.09
07-10-2015,2.21
08-10-2015,2.27
09-10-2015,2.29
10-10-2015,2.29
11-10-2015,2.25
12-10-2015,2.19
13-10-2015,2.21
14-10-2015,2.25
15-10-2015,2.24
16-10-2015,2.21
17-10-2015,2.21
18-10-2015,2.19
19-10-2015,2.14
20-10-2015,2.13
21-10-2015,2.11
22-10-2015,2.13
23-10-2015,2.25
24-10-2015,2.33
25-10-2015,2.41
26-10-2015,2.43
27-10-2015,2.39
28-10-2015,2.35
29-10-2015,2.17
30-10-2015,1.96
31-10-2015,1.84
01-11-2015,1.74
02-11-2015,1.67
03-11-2015,1.64
04-11-2015,1.68
05-11-2015,1.69
06-11-2015,1.73
07-11-2015,1.79
08-11-2015,1.8
09-11-2015,1.76
10-11-2015,1.81
11-11-2015,1.77
12-11-2015,1.67
13-11-2015,1.57
14-11-2015,1.48
15-11-2015,1.39
16-11-2015,1.34
17-11-2015,1.24
18-11-2015,1.22
19-11-2015,1.26
20-11-2015,1.33
21-11-2015,1.43
22-11-2015,1.51
23-11-2015,1.59
24-11-2015,1.72
25-11-2015,1.79
26-11-2015,1.8
27-11-2015,1.8
28-11-2015,1.53
29-11-2015,1.34
30-11-2015,1.15
01-12-2015,1.18
02-12-2015,1.13
03-12-2015,1.12
04-12-2015,1.19
05-12-2015,1.23
06-12-2015,1.19
07-12-2015,1.28
08-12-2015,1.42
09-12-2015,1.44
10-12-2015,1.47
11-12-2015,1.53
12-12-2015,1.55
13-12-2015,1.43
14-12-2015,1.24
15-12-2015,1.08
16-12-2015,0.85
17-12-2015,0.86
18-12-2015,0.97
19-12-2015,0.93
20-12-2015,0.28
21-12-2015,1.0
22-12-2015,1.24
23-12-2015,1.36
24-12-2015,1.53
25-12-2015,1.57
26-12-2015,1.55
27-12-2015,1.42
28-12-2015,1.28
29-12-2015,0.96
30-12-2015,0.75
31-12-2015,0.7
01-01-2016,1.41
02-01-2016,1.31
03-01-2016,1.16
04-01-2016,1.15
05-01-2016,1.09
06-01-2016,1.11
07-01-2016,1.18
08-01-2016,1.26
09-01-2016,1.36
10-01-2016,1.49
11-01-2016,1.63
12-01-2016,1.69
13-01-2016,1.68
14-01-2016,1.58
15-01-2016,1.37
16-01-2016,1.03
17-01-2016,0.91
18-01-2016,0.91
19-01-2016,0.85
20-01-2016,0.9
21-01-2016,1.04
22-01-2016,1.07
23-01-2016,1.17
24-01-2016,1.14
25-01-2016,1.22
26-01-2016,1.32
27-01-2016,1.62
28-01-2016,1.62
29-01-2016,1.44
30-01-2016,1.25
31-01-2016,1.07
01-02-2016,0.64
02-02-2016,0.39
03-02-2016,0.43
04-02-2016,0.57
05-02-2016,0.64
06-02-2016,0.81
07-02-2016,0.92
08-02-2016,1.03
09-02-2016,1.27
10-02-2016,1.5
11-02-2016,1.62
12-02-2016,1.57
13-02-2016,1.35
14-02-2016,0.96
15-02-2016,0.66
16-02-2016,0.54
17-02-2016,0.43
18-02-2016,0.47
19-02-2016,0.49
20-02-2016,0.41
21-02-2016,0.45
22-02-2016,0.52
23-02-2016,0.75
24-02-2016,0.89
25-02-2016,1.15
26-02-2016,1.27
27-02-2016,1.31
28-02-2016,1.24
01-03-2016,1.08
02-03-2016,0.65
03-03-2016,0.45
04-03-2016,0.38
05-03-2016,0.35
06-03-2016,0.38
07-03-2016,0.47
08-03-2016,0.59
09-03-2016,0.78
10-03-2016,1.04
11-03-2016,1.17
12-03-2016,1.17
13-03-2016,1.01
14-03-2016,0.82
15-03-2016,0.45
16-03-2016,0.24
17-03-2016,0.09
18-03-2016,0.09
19-03-2016,0.09
20-03-2016,0.17
21-03-2016,0.15
22-03-2016,0.16
23-03-2016,0.27
24-03-2016,0.38
25-03-2016,0.64
26-03-2016,0.99
27-03-2016,1.21
28-03-2016,1.22
29-03-2016,1.12
30-03-2016,0.82
31-03-2016,0.4
01-04-2016,0.14
02-04-2016,0.21
03-04-2016,0.31
04-04-2016,0.42
05-04-2016,0.53
06-04-2016,0.51
07-04-2016,0.67
08-04-2016,0.95
09-04-2016,1.13
10-04-2016,1.08
11-04-2016,0.97
12-04-2016,0.78
13-04-2016,0.4
14-04-2016,0.12
15-04-2016,0.09
16-04-2016,0.06
17-04-2016,0.06
18-04-2016,0.03
19-04-2016,0.0
20-04-2016,0.0
21-04-2016,0.0
22-04-2016,0.1
23-04-2016,0.45
24-04-2016,0.82
25-04-2016,0.99
26-04-2016,1.0
27-04-2016,0.93
28-04-2016,0.71
29-04-2016,0.2
30-04-2016,0.01
01-05-2016,0.07
02-05-2016,0.12
03-05-2016,0.11
04-05-2016,0.08
05-05-2016,0.17
06-05-2016,0.41
07-05-2016,0.77
08-05-2016,1.0
09-05-2016,1.03
10-05-2016,0.98
11-05-2016,0.91
12-05-2016,0.75
13-05-2016,0.48
14-05-2016,0.26
15-05-2016,0.1
16-05-2016,0.05
17-05-2016,0.0
18-05-2016,0.0
19-05-2016,0.0
20-05-2016,0.04
21-05-2016,0.25
22-05-2016,0.53
23-05-2016,0.97
24-05-2016,1.16
25-05-2016,1.2
26-05-2016,1.12
27-05-2016,0.84
28-05-2016,0.45
29-05-2016,0.53
30-05-2016,0.65
31-05-2016,0.77
01-06-2016,0.36
02-06-2016,0.66
03-06-2016,0.9
04-06-2016,0.88
05-06-2016,0.78
06-06-2016,0.45
07-06-2016,0.0
08-06-2016,0.0
09-06-2016,0.0
10-06-2016,0.0
11-06-2016,0.03
12-06-2016,0.07
13-06-2016,0.1
14-06-2016,0.24
15-06-2016,0.19
16-06-2016,0.63
17-06-2016,0.77
18-06-2016,0.82
19-06-2016,0.7
20-06-2016,0.63
21-06-2016,0.47
22-06-2016,0.16
23-06-2016,0.0
24-06-2016,0.0
25-06-2016,0.0
26-06-2016,0.05
27-06-2016,0.03
28-06-2016,0.18
29-06-2016,0.46
30-06-2016,0.83
01-07-2016,1.28
02-07-2016,1.55
03-07-2016,1.55
04-07-2016,1.34
05-07-2016,1.0
06-07-2016,0.65
07-07-2016,0.43
08-07-2016,0.55
09-07-2016,0.63
10-07-2016,0.82
11-07-2016,0.93
12-07-2016,1.0
13-07-2016,1.1
14-07-2016,1.23
15-07-2016,1.34
16-07-2016,1.45
17-07-2016,1.5
18-07-2016,1.49
19-07-2016,1.39
20-07-2016,1.33
21-07-2016,1.21
22-07-2016,1.02
23-07-2016,0.95
24-07-2016,0.92
25-07-2016,0.88
26-07-2016,0.86
27-07-2016,0.84
28-07-2016,0.92
29-07-2016,1.1
30-07-2016,1.33
31-07-2016,1.45
01-08-2016,1.5
02-08-2016,1.35
03-08-2016,1.07
04-08-2016,0.91
05-08-2016,0.75
06-08-2016,0.93
07-08-2016,1.06
08-08-2016,1.0
09-08-2016,0.96
10-08-2016,1.11
11-08-2016,1.36
12-08-2016,1.63
13-08-2016,1.62
14-08-2016,1.49
15-08-2016,1.53
16-08-2016,1.64
17-08-2016,1.61
18-08-2016,1.6
19-08-2016,1.56
20-08-2016,1.49
21-08-2016,1.46
22-08-2016,1.61
23-08-2016,1.7
24-08-2016,1.8
25-08-2016,1.92
26-08-2016,1.99
27-08-2016,2.07
28-08-2016,2.13
29-08-2016,2.19
30-08-2016,2.2
31-08-2016,2.15
01-09-2016,1.93
02-09-2016,2.02
03-09-2016,1.86
04-09-2016,1.83
05-09-2016,1.77
06-09-2016,1.75
07-09-2016,1.77
08-09-2016,1.81
09-09-2016,1.91
10-09-2016,1.95
11-09-2016,2.01
12-09-2016,2.1
13-09-2016,2.18
14-09-2016,2.31
15-09-2016,2.37
16-09-2016,2.53
17-09-2016,2.55
18-09-2016,2.57
19-09-2016,2.57
20-09-2016,2.58
21-09-2016,2.61
22-09-2016,2.68
23-09-2016,2.69
24-09-2016,0.0
25-09-2016,0.0
26-09-2016,0.0
27-09-2016,2.78
28-09-2016,2.8
29-09-2016,2.79
30-09-2016,2.74
01-10-2016,2.71
02-10-2016,2.69
03-10-2016,2.71
04-10-2016,2.7
05-10-2016,2.66
06-10-2016,2.66
07-10-2016,2.63
08-10-2016,2.63
09-10-2016,2.64
10-10-2016,2.68
11-10-2016,2.8
12-10-2016,2.87
13-10-2016,2.95
14-10-2016,3.0
15-10-2016,3.01
16-10-2016,3.0
17-10-2016,2.96
18-10-2016,2.87
19-10-2016,2.85
20-10-2016,2.8
21-10-2016,2.78
22-10-2016,2.73
23-10-2016,2.76
24-10-2016,2.63
25-10-2016,2.67
26-10-2016,2.71
27-10-2016,2.73
28-10-2016,2.71
29-10-2016,2.68
30-10-2016,2.68
31-10-2016,2.58
01-11-2016,2.51
02-11-2016,2.44
03-11-2016,2.38
04-11-2016,2.32
05-11-2016,2.27
06-11-2016,2.28
07-11-2016,2.32
08-11-2016,2.35
09-11-2016,2.39
10-11-2016,2.49
11-11-2016,2.53
12-11-2016,2.55
13-11-2016,2.57
14-11-2016,2.57
15-11-2016,2.51
16-11-2016,2.42
17-11-2016,2.25
18-11-2016,2.14
19-11-2016,2.09
20-11-2016,2.06
21-11-2016,2.06
22-11-2016,2.07
23-11-2016,2.13
24-11-2016,2.19
25-11-2016,2.23
26-11-2016,2.24
27-11-2016,2.21
28-11-2016,2.24
29-11-2016,2.18
30-11-2016,2.09
01-12-2016,1.98
02-12-2016,1.92
03-12-2016,1.84
04-12-2016,1.74
05-12-2016,1.65
06-12-2016,1.62
07-12-2016,1.63
08-12-2016,1.62
09-12-2016,1.71
10-12-2016,1.75
11-12-2016,1.82
12-12-2016,1.87
13-12-2016,1.85
14-12-2016,1.99
15-12-2016,2.0
16-12-2016,1.87
17-12-2016,1.68
18-12-2016,1.53
19-12-2016,1.47
20-12-2016,1.49
21-12-2016,1.53
22-12-2016,1.54
23-12-2016,1.55
24-12-2016,1.53
25-12-2016,1.53
26-12-2016,1.54
27-12-2016,1.6
28-12-2016,1.73
29-12-2016,1.64
30-12-2016,1.69
31-12-2016,1.53
01-01-2017,1.82
02-01-2017,1.87
03-01-2017,1.87
04-01-2017,1.75
05-01-2017,1.46
06-01-2017,1.08
07-01-2017,1.0
08-01-2017,0.96
09-01-2017,0.96
10-01-2017,1.09
11-01-2017,1.21
12-01-2017,1.26
13-01-2017,1.26
14-01-2017,1.34
15-01-2017,1.4
16-01-2017,1.5
17-01-2017,1.51
18-01-2017,1.49
19-01-2017,1.33
20-01-2017,1.13
21-01-2017,0.98
22-01-2017,0.77
23-01-2017,0.75
24-01-2017,0.77
25-01-2017,0.79
26-01-2017,0.85
27-01-2017,0.96
28-01-2017,1.04
29-01-2017,1.15
30-01-2017,1.44
31-01-2017,1.68
01-02-2017,1.73
02-02-2017,1.73
03-02-2017,1.45
04-02-2017,1.09
05-02-2017,0.81
06-02-2017,0.69
07-02-2017,0.71
08-02-2017,0.71
09-02-2017,0.76
10-02-2017,0.68
11-02-2017,0.7
12-02-2017,0.97
13-02-2017,0.0
14-02-2017,1.25
15-02-2017,1.26
16-02-2017,1.2
17-02-2017,1.09
18-02-2017,1.0
19-02-2017,0.72
20-02-2017,0.4
21-02-2017,0.24
22-02-2017,0.23
23-02-2017,0.35
24-02-2017,0.48
25-02-2017,0.54
26-02-2017,0.72
27-02-2017,0.94
28-02-2017,1.18
01-03-2017,1.35
02-03-2017,1.34
03-03-2017,1.2
04-03-2017,0.88
05-03-2017,0.25
06-03-2017,0.06
07-03-2017,0.05
08-03-2017,0.12
09-03-2017,0.2
10-03-2017,0.34
11-03-2017,0.58
12-03-2017,0.52
13-03-2017,0.61
14-03-2017,0.72
15-03-2017,0.95
16-03-2017,1.04
17-03-2017,1.05
18-03-2017,0.96
19-03-2017,0.77
20-03-2017,0.43
21-03-2017,0.06
22-03-2017,0.0
23-03-2017,0.17
24-03-2017,0.25
25-03-2017,0.26
26-03-2017,0.31
27-03-2017,0.5
28-03-2017,0.74
29-03-2017,0.99
30-03-2017,1.15
31-03-2017,1.11
01-04-2017,0.98
02-04-2017,0.85
03-04-2017,0.53
04-04-2017,0.06
05-04-2017,0.0
06-04-2017,0.0
07-04-2017,0.0
08-04-2017,0.24
09-04-2017,0.25
10-04-2017,0.3
11-04-2017,0.35
12-04-2017,0.52
13-04-2017,0.8
14-04-2017,0.96
15-04-2017,1.0
16-04-2017,0.93
17-04-2017,0.8
18-04-2017,0.66
19-04-2017,0.25
20-04-2017,0.06
21-04-2017,0.1
22-04-2017,0.1
23-04-2017,0.09
24-04-2017,0.09
25-04-2017,0.19
26-04-2017,0.51
27-04-2017,0.9
28-04-2017,1.07
29-04-2017,0.99
30-04-2017,0.89
01-05-2017,0.7
02-05-2017,0.35
03-05-2017,0.0
04-05-2017,0.0
05-05-2017,0.0
06-05-2017,0.0
07-05-2017,0.0
08-05-2017,0.0
09-05-2017,0.0
10-05-2017,0.04
11-05-2017,0.29
12-05-2017,0.68
13-05-2017,1.0
14-05-2017,1.09
15-05-2017,1.12
16-05-2017,0.9
17-05-2017,0.66
18-05-2017,0.25
19-05-2017,0.01
20-05-2017,0.05
21-05-2017,0.11
22-05-2017,0.14
23-05-2017,0.15
24-05-2017,0.36
25-05-2017,0.6
26-05-2017,1.02
27-05-2017,1.14
28-05-2017,1.11
29-05-2017,1.04
30-05-2017,0.8
31-05-2017,0.79
01-06-2017,0.85
02-06-2017,0.82
03-06-2017,0.76
04-06-2017,0.83
05-06-2017,0.94
06-06-2017,1.09
07-06-2017,1.06
08-06-2017,1.08
09-06-2017,1.08
10-06-2017,0.84
11-06-2017,0.68
12-06-2017,0.49
13-06-2017,0.47
14-06-2017,0.58
15-06-2017,0.64
16-06-2017,0.71
17-06-2017,0.76
18-06-2017,0.78
19-06-2017,0.83
20-06-2017,0.98
21-06-2017,1.25
22-06-2017,1.42
23-06-2017,1.5
24-06-2017,1.4
25-06-2017,1.02
26-06-2017,0.78
27-06-2017,0.82
28-06-2017,0.92
29-06-2017,0.94
30-06-2017,0.92
01-07-2017,0.86
02-07-2017,0.84
03-07-2017,0.9
04-07-2017,1.08
05-07-2017,1.23
06-07-2017,1.3
07-07-2017,1.33
08-07-2017,1.2
09-07-2017,1.11
10-07-2017,1.08
11-07-2017,1.04
12-07-2017,1.05
13-07-2017,1.07
14-07-2017,1.16
15-07-2017,1.24
16-07-2017,1.22
17-07-2017,1.37
18-07-2017,1.59
19-07-2017,1.83
20-07-2017,2.1
21-07-2017,2.33
22-07-2017,2.42
23-07-2017,2.43
24-07-2017,2.31
25-07-2017,2.21
26-07-2017,2.21
27-07-2017,2.37
28-07-2017,2.51
29-07-2017,2.65
30-07-2017,2.72
31-07-2017,2.78
01-08-2017,2.85
02-08-2017,2.88
03-08-2017,2.93
04-08-2017,2.96
05-08-2017,2.99
06-08-2017,3.0
07-08-2017,3.03
08-08-2017,2.99
09-08-2017,2.95
10-08-2017,2.89
11-08-2017,2.9
12-08-2017,2.92
13-08-2017,2.91
14-08-2017,2.91
15-08-2017,2.9
16-08-2017,2.97
17-08-2017,2.87
18-08-2017,2.88
19-08-2017,2.97
20-08-2017,3.01
21-08-2017,2.97
22-08-2017,2.86
23-08-2017,2.76
24-08-2017,2.75
25-08-2017,2.71
26-08-2017,2.73
27-08-2017,2.77
28-08-2017,2.79
29-08-2017,2.81
30-08-2017,2.86
31-08-2017,2.86
01-09-2017,2.91
02-09-2017,2.93
03-09-2017,2.96
04-09-2017,2.99
05-09-2017,3.0
06-09-2017,2.99
07-09-2017,2.96
08-09-2017,2.92
09-09-2017,2.92
10-09-2017,2.95
11-09-2017,2.95
12-09-2017,2.93
13-09-2017,2.94
14-09-2017,2.94
15-09-2017,2.83
16-09-2017,2.98
17-09-2017,3.0
18-09-2017,3.04
19-09-2017,3.09
20-09-2017,3.08
21-09-2017,3.11
22-09-2017,3.1
23-09-2017,3.08
24-09-2017,3.04
25-09-2017,3.03
26-09-2017,3.05
27-09-2017,3.06
28-09-2017,3.07
29-09-2017,3.08
30-09-2017,3.09
01-10-2017,3.12
02-10-2017,3.15
03-10-2017,3.17
04-10-2017,3.23
05-10-2017,3.25
06-10-2017,3.26
07-10-2017,3.22
08-10-2017,3.2
09-10-2017,3.23
10-10-2017,3.21
11-10-2017,3.19
12-10-2017,3.16
13-10-2017,3.17
14-10-2017,3.14
15-10-2017,3.15
16-10-2017,3.19
17-10-2017,3.23
18-10-2017,3.26
19-10-2017,3.22
20-10-2017,3.15
21-10-2017,3.13
22-10-2017,3.11
23-10-2017,3.02
24-10-2017,2.97
25-10-2017,2.94
26-10-2017,2.88
27-10-2017,2.84
28-10-2017,2.81
29-10-2017,2.76
30-10-2017,2.75
31-10-2017,2.74
01-11-2017,2.68
02-11-2017,2.7
03-11-2017,2.7
04-11-2017,2.66
05-11-2017,2.62
06-11-2017,2.51
07-11-2017,2.49
08-11-2017,2.44
09-11-2017,2.5
10-11-2017,2.55
11-11-2017,2.54
12-11-2017,2.55
13-11-2017,2.56
14-11-2017,2.58
15-11-2017,2.56
16-11-2017,2.57
17-11-2017,2.5
18-11-2017,2.41
19-11-2017,2.34
20-11-2017,2.24
21-11-2017,2.1
22-11-2017,2.04
23-11-2017,1.99
24-11-2017,2.0
25-11-2017,1.97
26-11-2017,1.96
27-11-2017,1.96
28-11-2017,0.0
29-11-2017,1.98
30-11-2017,2.02
01-12-2017,2.13
02-12-2017,2.16
03-12-2017,2.17
04-12-2017,2.16
05-12-2017,2.15
06-12-2017,2.09
07-12-2017,1.86
08-12-2017,1.75
09-12-2017,1.8
10-12-2017,1.77
11-12-2017,1.77
12-12-2017,1.84
13-12-2017,1.85
14-12-2017,1.83
15-12-2017,1.81
16-12-2017,1.86
17-12-2017,1.93
18-12-2017,1.86
19-12-2017,1.83
20-12-2017,1.73
21-12-2017,1.54
22-12-2017,1.44
23-12-2017,1.4
24-12-2017,1.39
25-12-2017,1.29
26-12-2017,1.44
27-12-2017,1.25
28-12-2017,1.34
29-12-2017,1.4
30-12-2017,1.54
31-12-2017,1.64
01-01-2018,1.21
02-01-2018,1.29
03-01-2018,1.48
04-01-2018,1.56
05-01-2018,1.65
06-01-2018,1.57
07-01-2018,1.53
08-01-2018,1.34
09-01-2018,1.0
10-01-2018,0.0
11-01-2018,0.79
12-01-2018,0.79
13-01-2018,0.8
14-01-2018,0.83
15-01-2018,0.85
16-01-2018,0.89
17-01-2018,1.05
18-01-2018,1.24
19-01-2018,1.38
20-01-2018,1.56
21-01-2018,1.76
22-01-2018,1.81
23-01-2018,1.74
24-01-2018,1.44
25-01-2018,1.03
26-01-2018,0.78
27-01-2018,0.79
28-01-2018,0.85
29-01-2018,0.86
30-01-2018,0.9
31-01-2018,1.05
01-02-2018,1.1
02-02-2018,1.26
03-02-2018,1.3
04-02-2018,1.3
05-02-2018,1.28
06-02-2018,0.93
07-02-2018,1.02
08-02-2018,0.73
09-02-2018,0.0
10-02-2018,0.0
11-02-2018,0.21
12-02-2018,0.3
13-02-2018,0.4
14-02-2018,0.49
15-02-2018,0.2
16-02-2018,0.69
17-02-2018,0.89
18-02-2018,1.16
19-02-2018,1.35
20-02-2018,1.37
21-02-2018,1.21
22-02-2018,0.93
23-02-2018,0.39
24-02-2018,0.13
25-02-2018,0.13
26-02-2018,0.22
27-02-2018,0.31
28-02-2018,0.39
01-03-2018,0.45
02-03-2018,0.61
03-03-2018,0.75
04-03-2018,0.97
05-03-2018,1.08
06-03-2018,1.09
07-03-2018,1.01
08-03-2018,0.91
09-03-2018,0.58
10-03-2018,0.4
11-03-2018,0.09
12-03-2018,0.04
13-03-2018,0.06
14-03-2018,0.15
15-03-2018,0.16
16-03-2018,0.34
17-03-2018,0.55
18-03-2018,0.85
19-03-2018,1.16
20-03-2018,1.37
21-03-2018,1.32
22-03-2018,1.17
23-03-2018,0.86
24-03-2018,0.41
25-03-2018,0.13
26-03-2018,0.13
27-03-2018,0.21
28-03-2018,0.18
29-03-2018,0.18
30-03-2018,0.22
31-03-2018,0.26
01-04-2018,0.44
02-04-2018,0.84
03-04-2018,0.98
04-04-2018,1.06
05-04-2018,1.05
06-04-2018,1.0
07-04-2018,0.0
08-04-2018,0.0
09-04-2018,0.0
10-04-2018,0.0
11-04-2018,0.0
12-04-2018,0.0
13-04-2018,0.03
14-04-2018,0.07
15-04-2018,0.2
16-04-2018,0.5
17-04-2018,0.91
18-04-2018,1.18
19-04-2018,1.15
20-04-2018,1.03
21-04-2018,0.74
22-04-2018,0.23
23-04-2018,0.0
24-04-2018,0.0
25-04-2018,0.0
26-04-2018,0.0
27-04-2018,0.0
28-04-2018,0.0
29-04-2018,0.0
30-04-2018,0.23
01-05-2018,0.52
02-05-2018,0.81
03-05-2018,0.9
04-05-2018,0.84
05-05-2018,0.7
06-05-2018,0.57
07-05-2018,0.29
08-05-2018,0.0
09-05-2018,0.0
10-05-2018,0.0
11-05-2018,0.0
12-05-2018,0.01
13-05-2018,0.12
14-05-2018,0.28
15-05-2018,0.59
16-05-2018,1.04
17-05-2018,1.1
18-05-2018,1.01
19-05-2018,0.81
20-05-2018,0.49
21-05-2018,0.0
22-05-2018,0.0
23-05-2018,0.0
24-05-2018,0.0
25-05-2018,0.0
26-05-2018,0.0
27-05-2018,0.0
28-05-2018,0.0
29-05-2018,0.0
30-05-2018,0.0
31-05-2018,0.0
01-06-2018,0.24
02-06-2018,0.05
03-06-2018,0.02
04-06-2018,0.0
05-06-2018,0.0
06-06-2018,0.05
07-06-2018,0.11
08-06-2018,0.19
09-06-2018,0.27
10-06-2018,0.63
11-06-2018,1.03
12-06-2018,1.26
13-06-2018,1.25
14-06-2018,1.1
15-06-2018,0.9
16-06-2018,0.63
17-06-2018,0.48
18-06-2018,0.51
19-06-2018,0.0
20-06-2018,0.69
21-06-2018,0.79
22-06-2018,0.85
23-06-2018,0.95
24-06-2018,1.07
25-06-2018,1.17
26-06-2018,1.21
27-06-2018,1.11
28-06-2018,0.9
29-06-2018,0.72
30-06-2018,0.54
01-07-2018,0.34
02-07-2018,0.32
03-07-2018,0.3
04-07-2018,0.33
05-07-2018,0.34
06-07-2018,0.38
07-07-2018,0.43
08-07-2018,0.7
09-07-2018,0.86
10-07-2018,1.15
11-07-2018,1.37
12-07-2018,1.48
13-07-2018,1.4
14-07-2018,1.4
15-07-2018,1.46
16-07-2018,1.44
17-07-2018,1.55
18-07-2018,1.77
19-07-2018,1.88
20-07-2018,2.05
21-07-2018,2.18
22-07-2018,2.31
23-07-2018,2.36
24-07-2018,2.41
25-07-2018,2.44
26-07-2018,2.47
27-07-2018,2.52
28-07-2018,2.54
29-07-2018,2.56
30-07-2018,2.61
31-07-2018,2.68
01-08-2018,2.77
02-08-2018,2.86
03-08-2018,2.89
04-08-2018,2.96
05-08-2018,3.01
06-08-2018,3.07
07-08-2018,3.16
08-08-2018,3.27
09-08-2018,3.35
10-08-2018,3.43
11-08-2018,3.47
12-08-2018,3.45
13-08-2018,3.43
14-08-2018,3.42
15-08-2018,3.46
16-08-2018,3.47
17-08-2018,3.49
18-08-2018,3.52
19-08-2018,3.59
20-08-2018,3.62
21-08-2018,3.66
22-08-2018,3.71
23-08-2018,3.73
24-08-2018,3.76
25-08-2018,3.79
26-08-2018,3.77
27-08-2018,3.77
28-08-2018,3.76
29-08-2018,3.77
30-08-2018,3.79
31-08-2018,3.82
01-09-2018,3.85
02-09-2018,3.89
03-09-2018,3.92
04-09-2018,3.92
05-09-2018,3.97
06-09-2018,3.98
07-09-2018,4.01
08-09-2018,4.02
09-09-2018,4.0
10-09-2018,3.96
11-09-2018,3.93
12-09-2018,3.88
13-09-2018,3.88
14-09-2018,3.87
15-09-2018,3.89
16-09-2018,3.9
17-09-2018,3.89
18-09-2018,3.89
19-09-2018,3.89
20-09-2018,3.93
21-09-2018,3.96
22-09-2018,3.96
23-09-2018,3.95
24-09-2018,3.94
25-09-2018,3.91
26-09-2018,3.87
27-09-2018,3.84
28-09-2018,3.79
29-09-2018,3.76
30-09-2018,3.74
01-10-2018,3.72
02-10-2018,3.69
03-10-2018,3.73
04-10-2018,3.72
05-10-2018,3.71
06-10-2018,3.71
07-10-2018,3.67
08-10-2018,3.61
09-10-2018,3.53
10-10-2018,3.44
11-10-2018,3.34
12-10-2018,3.25
13-10-2018,3.15
14-10-2018,3.04
15-10-2018,2.93
16-10-2018,2.82
17-10-2018,2.73
18-10-2018,2.65
19-10-2018,2.59
20-10-2018,2.61
21-10-2018,2.58
22-10-2018,2.54
23-10-2018,2.56
24-10-2018,2.56
25-10-2018,2.51
26-10-2018,2.44
27-10-2018,2.37
28-10-2018,2.29
29-10-2018,2.22
30-10-2018,2.19
31-10-2018,2.17
01-11-2018,2.14
02-11-2018,2.19
03-11-2018,2.27
04-11-2018,2.29
05-11-2018,2.36
06-11-2018,2.37
07-11-2018,2.37
08-11-2018,2.22
09-11-2018,2.07
10-11-2018,1.99
11-11-2018,1.85
12-11-2018,1.76
13-11-2018,1.72
14-11-2018,1.74
15-11-2018,1.76
16-11-2018,1.75
17-11-2018,1.73
18-11-2018,1.83
19-11-2018,1.86
20-11-2018,1.94
21-11-2018,1.95
22-11-2018,1.98
23-11-2018,1.97
24-11-2018,1.83
25-11-2018,1.55
26-11-2018,1.35
27-11-2018,1.41
28-11-2018,1.39
29-11-2018,1.49
30-11-2018,1.49
01-12-2018,1.54
02-12-2018,1.58
03-12-2018,1.64
04-12-2018,1.72
05-12-2018,1.83
06-12-2018,1.81
07-12-2018,1.74
08-12-2018,1.69
09-12-2018,1.55
10-12-2018,1.39
11-12-2018,1.33
12-12-2018,1.32
13-12-2018,1.32
14-12-2018,1.28
15-12-2018,1.25
16-12-2018,1.28
17-12-2018,1.35
18-12-2018,1.4
19-12-2018,1.4
20-12-2018,1.45
21-12-2018,1.51
22-12-2018,1.67
23-12-2018,1.69
24-12-2018,1.63
25-12-2018,1.49
26-12-2018,1.24
27-12-2018,0.98
28-12-2018,0.93
29-12-2018,0.98
30-12-2018,1.03
31-12-2018,1.13
01-01-2019,0.71
02-01-2019,0.7
03-01-2019,0.67
04-01-2019,0.71
05-01-2019,0.79
06-01-2019,0.69
07-01-2019,0.77
08-01-2019,0.97
09-01-2019,1.18
10-01-2019,1.32
11-01-2019,1.39
12-01-2019,1.32
13-01-2019,1.3
14-01-2019,1.15
15-01-2019,0.79
16-01-2019,0.44
17-01-2019,0.29
18-01-2019,0.44
19-01-2019,0.54
20-01-2019,0.69
21-01-2019,0.84
22-01-2019,0.0
23-01-2019,1.13
24-01-2019,1.16
25-01-2019,1.15
26-01-2019,1.0
27-01-2019,0.88
28-01-2019,0.72
29-01-2019,0.45
30-01-2019,0.21
31-01-2019,0.35
01-02-2019,0.0
02-02-2019,0.4
03-02-2019,0.29
04-02-2019,0.31
05-02-2019,0.51
06-02-2019,0.83
07-02-2019,0.92
08-02-2019,1.16
09-02-2019,1.33
10-02-2019,1.41
11-02-2019,1.26
12-02-2019,0.93
13-02-2019,0.34
14-02-2019,0.03
15-02-2019,0.0
16-02-2019,0.01
17-02-2019,0.07
18-02-2019,0.43
19-02-2019,0.75
20-02-2019,0.92
21-02-2019,1.12
22-02-2019,1.26
23-02-2019,1.24
24-02-2019,1.23
25-02-2019,1.1
26-02-2019,0.81
27-02-2019,0.51
28-02-2019,0.38
01-03-2019,0.0
02-03-2019,0.0
03-03-2019,0.0
04-03-2019,0.04
05-03-2019,0.13
06-03-2019,0.35
07-03-2019,0.61
08-03-2019,0.88
09-03-2019,1.09
10-03-2019,1.03
11-03-2019,0.9
12-03-2019,0.65
13-03-2019,0.07
14-03-2019,0.0
15-03-2019,0.0
16-03-2019,0.01
17-03-2019,0.09
18-03-2019,0.1
19-03-2019,0.17
20-03-2019,0.36
21-03-2019,0.07
22-03-2019,0.86
23-03-2019,0.87
24-03-2019,0.8
25-03-2019,0.73
26-03-2019,0.53
27-03-2019,0.21
28-03-2019,0.0
29-03-2019,0.0
30-03-2019,0.0
31-03-2019,0.0
01-04-2019,0.0
02-04-2019,0.0
03-04-2019,0.0
04-04-2019,0.18
05-04-2019,0.59
06-04-2019,0.94
07-04-2019,1.11
08-04-2019,1.05
09-04-2019,0.89
10-04-2019,0.63
11-04-2019,0.12
12-04-2019,0.0
13-04-2019,0.0
14-04-2019,0.0
15-04-2019,0.06
16-04-2019,0.15
17-04-2019,0.18
18-04-2019,0.22
19-04-2019,0.51
20-04-2019,0.78
21-04-2019,0.77
22-04-2019,0.77
23-04-2019,0.72
24-04-2019,0.62
25-04-2019,0.48
26-04-2019,0.28
27-04-2019,0.09
28-04-2019,0.0
29-04-2019,0.0
30-04-2019,0.0
01-05-2019,0.01
02-05-2019,0.01
03-05-2019,0.11
04-05-2019,0.41
05-05-2019,0.0
06-05-2019,0.95
07-05-2019,0.85
08-05-2019,0.7
09-05-2019,0.35
10-05-2019,0.0
11-05-2019,0.0
12-05-2019,0.0
13-05-2019,0.0
14-05-2019,0.0
15-05-2019,0.0
16-05-2019,0.0
17-05-2019,0.02
18-05-2019,0.34
19-05-2019,0.64
20-05-2019,0.73
21-05-2019,0.68
22-05-2019,0.62
23-05-2019,0.42
24-05-2019,0.11
25-05-2019,0.0
26-05-2019,0.0
27-05-2019,0.0
28-05-2019,0.0
29-05-2019,0.0
30-05-2019,0.0
31-05-2019,0.0
01-06-2019,0.99
02-06-2019,0.93
03-06-2019,0.89
04-06-2019,0.76
05-06-2019,0.44
06-06-2019,0.12
07-06-2019,-0.04
08-06-2019,-0.07
09-06-2019,-0.03
10-06-2019,0.09
11-06-2019,0.17
12-06-2019,0.33
13-06-2019,0.59
14-06-2019,0.9
15-06-2019,1.04
16-06-2019,1.04
17-06-2019,0.84
18-06-2019,0.51
19-06-2019,0.24
20-06-2019,-0.02
21-06-2019,-0.17
22-06-2019,-0.1
23-06-2019,-0.01
24-06-2019,-0.07
25-06-2019,-0.11
26-06-2019,-0.06
27-06-2019,-0.03
28-06-2019,0.22
29-06-2019,0.68
30-06-2019,0.86
01-07-2019,0.87
02-07-2019,0.8
03-07-2019,0.65
04-07-2019,0.41
05-07-2019,0.09
06-07-2019,-0.02
07-07-2019,0.11
08-07-2019,0.2
09-07-2019,0.26
10-07-2019,0.27
11-07-2019,0.46
12-07-2019,0.69
13-07-2019,0.98
14-07-2019,1.05
15-07-2019,0.96
16-07-2019,0.8
17-07-2019,0.46
18-07-2019,0.34
19-07-2019,0.04
20-07-2019,-0.14
21-07-2019,-0.17
22-07-2019,-0.17
23-07-2019,-0.21
24-07-2019,-0.23
25-07-2019,-0.23
26-07-2019,-0.03
27-07-2019,0.23
28-07-2019,0.7
29-07-2019,0.96
30-07-2019,0.97
31-07-2019,0.93
01-08-2019,0.93
02-08-2019,0.74
03-08-2019,0.54
04-08-2019,0.52
05-08-2019,0.61
06-08-2019,0.65
07-08-2019,0.61
08-08-2019,0.69
09-08-2019,0.8
10-08-2019,1.11
11-08-2019,1.36
12-08-2019,1.63
13-08-2019,1.62
14-08-2019,1.49
15-08-2019,1.25
16-08-2019,1.08
17-08-2019,0.83
18-08-2019,0.72
19-08-2019,0.56
20-08-2019,0.57
21-08-2019,0.62
22-08-2019,0.76
23-08-2019,0.98
24-08-2019,1.24
25-08-2019,1.43
26-08-2019,1.57
27-08-2019,1.87
28-08-2019,2.01
29-08-2019,2.08
30-08-2019,2.08
31-08-2019,2.09
01-09-2019,2.02
02-09-2019,2.03
03-09-2019,2.13
04-09-2019,2.24
05-09-2019,2.37
06-09-2019,2.55
07-09-2019,2.71
08-09-2019,2.71
09-09-2019,2.96
10-09-2019,3.11
11-09-2019,3.19
12-09-2019,3.26
13-09-2019,3.31
14-09-2019,3.35
15-09-2019,3.35
16-09-2019,3.31
17-09-2019,3.45
18-09-2019,3.44
19-09-2019,3.42
20-09-2019,3.43
21-09-2019,3.41
22-09-2019,3.38
23-09-2019,3.36
24-09-2019,3.41
25-09-2019,3.46
26-09-2019,3.42
27-09-2019,3.37
28-09-2019,3.31
29-09-2019,3.25
30-09-2019,3.11
01-10-2019,2.94
02-10-2019,2.75
03-10-2019,2.62
04-10-2019,2.53
05-10-2019,2.45
06-10-2019,2.4
07-10-2019,2.37
08-10-2019,2.37
09-10-2019,2.42
10-10-2019,2.36
11-10-2019,2.32
12-10-2019,2.27
13-10-2019,2.2
14-10-2019,2.11
15-10-2019,1.98
16-10-2019,1.83
17-10-2019,1.72
18-10-2019,1.62
19-10-2019,1.61
20-10-2019,1.62
21-10-2019,1.65
22-10-2019,1.66
23-10-2019,1.75
24-10-2019,1.81
25-10-2019,1.97
26-10-2019,2.02
27-10-2019,2.05
28-10-2019,2.05
29-10-2019,1.93
30-10-2019,1.75
31-10-2019,1.35
01-11-2019,1.26
02-11-2019,1.17
03-11-2019,1.18
04-11-2019,1.24
05-11-2019,1.34
06-11-2019,1.49
07-11-2019,1.57
08-11-2019,0.0
09-11-2019,0.0
10-11-2019,0.0
11-11-2019,1.69
12-11-2019,1.64
13-11-2019,1.63
14-11-2019,1.51
15-11-2019,1.44
16-11-2019,1.26
17-11-2019,1.12
18-11-2019,1.06
19-11-2019,1.09
20-11-2019,1.2
21-11-2019,1.26
22-11-2019,1.3
23-11-2019,1.4
24-11-2019,1.58
25-11-2019,1.74
26-11-2019,1.74
27-11-2019,1.72
28-11-2019,1.64
29-11-2019,1.49
30-11-2019,1.32
01-12-2019,1.16
02-12-2019,1.09
03-12-2019,1.18
04-12-2019,1.11
05-12-2019,1.06
06-12-2019,1.03
07-12-2019,1.23
08-12-2019,1.38
09-12-2019,1.35
10-12-2019,1.38
11-12-2019,1.49
12-12-2019,1.54
13-12-2019,1.53
14-12-2019,1.45
15-12-2019,1.32
16-12-2019,1.19
17-12-2019,0.91
18-12-2019,0.76
19-12-2019,0.74
20-12-2019,0.81
21-12-2019,0.89
22-12-2019,0.99
23-12-2019,1.17
24-12-2019,1.3
25-12-2019,1.39
26-12-2019,1.4
27-12-2019,1.38
28-12-2019,1.39
29-12-2019,1.14
30-12-2019,0.9
31-12-2019,0.72
01-01-2020,1.59
02-01-2020,1.51
03-01-2020,1.27
04-01-2020,1.07
05-01-2020,0.93
06-01-2020,0.92
07-01-2020,0.0
08-01-2020,1.03
09-01-2020,1.2
10-01-2020,1.34
11-01-2020,1.41
12-01-2020,1.62
13-01-2020,1.76
14-01-2020,1.73
15-01-2020,1.55
16-01-2020,1.32
17-01-2020,0.98
18-01-2020,0.72
19-01-2020,0.58
20-01-2020,0.43
21-01-2020,0.44
22-01-2020,0.44
23-01-2020,0.48
24-01-2020,0.75
25-01-2020,0.81
26-01-2020,0.87
27-01-2020,1.13
28-01-2020,1.32
29-01-2020,1.44
30-01-2020,1.47
31-01-2020,1.31
01-02-2020,1.0
02-02-2020,0.65
03-02-2020,0.36
04-02-2020,0.31
05-02-2020,0.3
06-02-2020,0.38
07-02-2020,0.46
08-02-2020,0.65
09-02-2020,0.93
10-02-2020,1.17
11-02-2020,1.3
12-02-2020,1.35
13-02-2020,1.32
14-02-2020,1.08
15-02-2020,0.71
16-02-2020,0.4
17-02-2020,0.1
18-02-2020,0.15
19-02-2020,0.09
20-02-2020,0.21
21-02-2020,0.23
22-02-2020,0.29
23-02-2020,0.4
24-02-2020,0.61
25-02-2020,0.82
26-02-2020,1.09
27-02-2020,1.17
28-02-2020,1.16
01-03-2020,1.01
02-03-2020,0.58
03-03-2020,0.25
04-03-2020,-0.07
05-03-2020,-0.05
06-03-2020,-0.03
07-03-2020,0.01
08-03-2020,0.19
09-03-2020,0.46
10-03-2020,0.74
11-03-2020,1.02
12-03-2020,1.24
13-03-2020,1.25
14-03-2020,1.16
15-03-2020,1.03
16-03-2020,0.69
17-03-2020,0.26
18-03-2020,-0.14
19-03-2020,-0.19
20-03-2020,-0.2
21-03-2020,-0.2
22-03-2020,-0.06
23-03-2020,0.24
24-03-2020,0.43
25-03-2020,0.57
26-03-2020,0.93
27-03-2020,1.23
28-03-2020,1.18
29-03-2020,1.18
30-03-2020,0.96
31-03-2020,0.55
01-04-2020,0.0
02-04-2020,-0.31
03-04-2020,-0.25
04-04-2020,-0.19
05-04-2020,-0.11
06-04-2020,0.15
07-04-2020,0.3
08-04-2020,0.52
09-04-2020,0.94
10-04-2020,1.07
11-04-2020,1.11
12-04-2020,1.01
13-04-2020,0.86
14-04-2020,0.67
15-04-2020,0.27
16-04-2020,-0.08
17-04-2020,-0.08
18-04-2020,-0.31
19-04-2020,-0.26
20-04-2020,-0.25
21-04-2020,-0.19
22-04-2020,-0.08
23-04-2020,0.17
24-04-2020,0.48
25-04-2020,0.89
26-04-2020,1.1
27-04-2020,1.05
28-04-2020,0.8
29-04-2020,0.61
30-04-2020,0.23
01-05-2020,-0.11
02-05-2020,-0.05
03-05-2020,-0.01
04-05-2020,0.03
05-05-2020,0.13
06-05-2020,0.27
07-05-2020,0.49
08-05-2020,0.0
09-05-2020,1.05
10-05-2020,1.04
11-05-2020,0.93
12-05-2020,0.8
13-05-2020,0.57
14-05-2020,0.25
15-05-2020,-0.04
16-05-2020,-0.28
17-05-2020,-0.33
18-05-2020,-0.28
19-05-2020,-0.25
20-05-2020,-0.22
21-05-2020,-0.12
22-05-2020,0.07
23-05-2020,0.35
24-05-2020,0.9
25-05-2020,1.06
26-05-2020,1.01
27-05-2020,0.81
28-05-2020,0.55
29-05-2020,0.08
30-05-2020,-0.13
31-05-2020,-0.11
01-06-2020,0.0
02-06-2020,0.27
03-06-2020,0.75
04-06-2020,0.92
05-06-2020,0.85
06-06-2020,0.69
07-06-2020,0.36
08-06-2020,0.0
09-06-2020,0.0
10-06-2020,0.0
11-06-2020,0.0
12-06-2020,0.0
13-06-2020,0.0
14-06-2020,0.0
15-06-2020,0.0
16-06-2020,0.21
17-06-2020,0.59
18-06-2020,0.79
19-06-2020,0.82
20-06-2020,0.75
21-06-2020,0.34
22-06-2020,0.4
23-06-2020,0.2
24-06-2020,0.0
25-06-2020,0.0
26-06-2020,0.0
27-06-2020,0.0
28-06-2020,0.0
29-06-2020,0.0
30-06-2020,0.17
01-07-2020,0.49
02-07-2020,0.86
03-07-2020,0.98
04-07-2020,0.94
05-07-2020,0.75
06-07-2020,0.54
07-07-2020,0.22
08-07-2020,0.0
09-07-2020,0.0
10-07-2020,0.0
11-07-2020,0.0
12-07-2020,0.0
13-07-2020,0.0
14-07-2020,0.02
15-07-2020,0.32
16-07-2020,0.68
17-07-2020,0.96
18-07-2020,1.03
19-07-2020,0.95
20-07-2020,0.79
21-07-2020,0.71
22-07-2020,0.43
23-07-2020,0.07
24-07-2020,0.0
25-07-2020,0.0
26-07-2020,0.04
27-07-2020,0.13
28-07-2020,0.25
29-07-2020,0.34
30-07-2020,0.61
31-07-2020,0.96
01-08-2020,0.93
02-08-2020,0.87
03-08-2020,0.89
04-08-2020,0.91
05-08-2020,0.51
06-08-2020,0.31
07-08-2020,0.3
08-08-2020,0.27
09-08-2020,0.38
10-08-2020,0.57
11-08-2020,0.78
12-08-2020,0.95
13-08-2020,1.11
14-08-2020,1.25
15-08-2020,1.43
16-08-2020,1.61
17-08-2020,1.55
18-08-2020,1.43
19-08-2020,1.33
20-08-2020,1.18
21-08-2020,1.15
22-08-2020,1.07
23-08-2020,1.16
24-08-2020,1.26
25-08-2020,1.35
26-08-2020,1.41
27-08-2020,1.47
28-08-2020,1.59
29-08-2020,1.7
30-08-2020,1.84
31-08-2020,1.87
01-09-2020,1.79
02-09-2020,1.63
03-09-2020,1.38
04-09-2020,1.33
05-09-2020,1.21
06-09-2020,1.12
07-09-2020,1.0
08-09-2020,0.97
09-09-2020,0.95
10-09-2020,0.96
11-09-2020,1.07
12-09-2020,1.24
13-09-2020,1.47
14-09-2020,1.64
15-09-2020,1.72
16-09-2020,1.67
17-09-2020,1.63
18-09-2020,1.46
19-09-2020,1.32
20-09-2020,1.15
21-09-2020,1.22
22-09-2020,1.45
23-09-2020,1.61
24-09-2020,1.65
25-09-2020,1.67
26-09-2020,1.72
27-09-2020,2.0
28-09-2020,2.06
29-09-2020,1.95
30-09-2020,2.01
01-10-2020,1.96
02-10-2020,1.88
03-10-2020,1.73
04-10-2020,1.62
05-10-2020,1.58
06-10-2020,1.52
07-10-2020,1.54
08-10-2020,1.59
09-10-2020,1.63
10-10-2020,1.74
11-10-2020,1.87
12-10-2020,2.09
13-10-2020,2.21
14-10-2020,2.41
15-10-2020,2.51
16-10-2020,2.62
17-10-2020,2.65
18-10-2020,2.58
19-10-2020,2.51
20-10-2020,2.47
21-10-2020,2.54
22-10-2020,2.66
23-10-2020,2.67
24-10-2020,2.64
25-10-2020,2.65
26-10-2020,2.69
27-10-2020,2.69
28-10-2020,2.65
29-10-2020,2.59
30-10-2020,2.58
31-10-2020,2.65
01-11-2020,2.65
02-11-2020,2.62
03-11-2020,2.52
04-11-2020,2.42
05-11-2020,2.31
06-11-2020,2.23
07-11-2020,2.19
08-11-2020,2.19
09-11-2020,2.18
10-11-2020,2.13
11-11-2020,2.18
12-11-2020,2.35
13-11-2020,2.49
14-11-2020,2.49
15-11-2020,2.52
16-11-2020,2.5
17-11-2020,2.36
18-11-2020,2.18
19-11-2020,1.94
20-11-2020,1.84
21-11-2020,1.78
22-11-2020,1.71
23-11-2020,1.79
24-11-2020,1.84
25-11-2020,1.89
26-11-2020,1.89
27-11-2020,1.89
28-11-2020,1.83
29-11-2020,1.89
30-11-2020,1.77
01-12-2020,1.8
02-12-2020,1.75
03-12-2020,1.63
04-12-2020,1.6
05-12-2020,1.43
06-12-2020,1.33
07-12-2020,1.32
08-12-2020,1.35
09-12-2020,1.33
10-12-2020,1.38
11-12-2020,1.48
12-12-2020,1.66
13-12-2020,1.81
14-12-2020,1.88
15-12-2020,1.88
16-12-2020,1.81
17-12-2020,1.67
18-12-2020,1.38
19-12-2020,1.18
20-12-2020,1.2
21-12-2020,1.1
22-12-2020,1.06
23-12-2020,1.1
24-12-2020,1.25
25-12-2020,1.27
26-12-2020,1.32
27-12-2020,1.34
28-12-2020,1.42
29-12-2020,1.42
30-12-2020,1.5
31-12-2020,1.65
01-01-2021,1.54
02-01-2021,1.73
03-01-2021,1.82
04-01-2021,1.81
05-01-2021,1.67
06-01-2021,1.27
07-01-2021,0.94
08-01-2021,0.8
09-01-2021,0.69
10-01-2021,0.68
11-01-2021,0.73
12-01-2021,0.86
13-01-2021,0.86
14-01-2021,0.89
15-01-2021,1.01
16-01-2021,1.18
17-01-2021,1.33
18-01-2021,1.39
19-01-2021,1.44
20-01-2021,1.41
21-01-2021,1.2
22-01-2021,0.96
23-01-2021,0.57
24-01-2021,0.38
25-01-2021,0.36
26-01-2021,0.38
27-01-2021,0.47
28-01-2021,0.6
29-01-2021,0.74
30-01-2021,0.94
31-01-2021,1.26
01-02-2021,1.52
02-02-2021,1.59
03-02-2021,1.45
04-02-2021,1.24
05-02-2021,0.94
06-02-2021,0.61
07-02-2021,0.43
08-02-2021,0.35
09-02-2021,0.42
10-02-2021,0.44
11-02-2021,0.55
12-02-2021,0.63
13-02-2021,0.75
14-02-2021,0.92
15-02-2021,0.0
16-02-2021,1.34
17-02-2021,1.32
18-02-2021,1.26
19-02-2021,1.01
20-02-2021,0.68
21-02-2021,0.33
22-02-2021,0.24
23-02-2021,0.17
24-02-2021,0.25
25-02-2021,0.41
26-02-2021,0.61
27-02-2021,0.79
28-02-2021,0.95
01-03-2021,1.21
02-03-2021,1.43
03-03-2021,1.0
04-03-2021,1.27
05-03-2021,0.91
06-03-2021,0.4
07-03-2021,0.0
08-03-2021,0.05
09-03-2021,0.02
10-03-2021,0.04
11-03-2021,0.0
12-03-2021,0.1
13-03-2021,0.24
14-03-2021,0.42
15-03-2021,0.6
16-03-2021,0.9
17-03-2021,1.09
18-03-2021,1.15
19-03-2021,0.98
20-03-2021,0.86
21-03-2021,0.52
22-03-2021,0.05
23-03-2021,-0.12
24-03-2021,-0.08
25-03-2021,-0.01
26-03-2021,0.02
27-03-2021,0.16
28-03-2021,0.3
29-03-2021,0.61
30-03-2021,1.09
31-03-2021,1.29
01-04-2021,1.29
02-04-2021,1.23
03-04-2021,1.02
04-04-2021,0.85
05-04-2021,0.47
06-04-2021,0.31
07-04-2021,0.16
08-04-2021,0.18
09-04-2021,0.12
10-04-2021,0.1
11-04-2021,0.12
12-04-2021,0.17
13-04-2021,0.35
14-04-2021,0.71
15-04-2021,1.03
16-04-2021,1.1
17-04-2021,0.95
18-04-2021,0.88
19-04-2021,0.68
20-04-2021,0.28
21-04-2021,-0.05
22-04-2021,-0.07
23-04-2021,-0.01
24-04-2021,0.04
25-04-2021,0.1
26-04-2021,0.19
27-04-2021,0.49
28-04-2021,0.95
29-04-2021,1.02
30-04-2021,0.92
01-05-2021,0.85
02-05-2021,0.57
03-05-2021,0.4
04-05-2021,0.25
05-05-2021,0.15
06-05-2021,0.1
07-05-2021,0.15
08-05-2021,0.27
09-05-2021,0.22
10-05-2021,0.22
11-05-2021,0.28
12-05-2021,0.44
13-05-2021,0.8
14-05-2021,1.12
15-05-2021,1.18
16-05-2021,1.06
17-05-2021,0.85
18-05-2021,0.54
19-05-2021,0.14
20-05-2021,0.03
21-05-2021,0.09
22-05-2021,0.18
23-05-2021,0.24
24-05-2021,0.27
25-05-2021,0.43
26-05-2021,0.72
27-05-2021,1.1
28-05-2021,1.22
29-05-2021,1.24
30-05-2021,1.21
31-05-2021,1.09
01-06-2021,0.0
02-06-2021,0.0
03-06-2021,0.0
04-06-2021,0.0
05-06-2021,0.18
06-06-2021,0.49
07-06-2021,0.78
08-06-2021,0.78
09-06-2021,0.75
10-06-2021,0.67
11-06-2021,0.35
12-06-2021,0.0
13-06-2021,0.0
14-06-2021,0.0
15-06-2021,0.0
16-06-2021,0.0
17-06-2021,0.05
18-06-2021,0.15
19-06-2021,0.24
20-06-2021,0.43
21-06-2021,0.75
22-06-2021,1.1
23-06-2021,1.35
24-06-2021,1.3
25-06-2021,0.87
26-06-2021,0.67
27-06-2021,0.34
28-06-2021,0.13
29-06-2021,0.07
30-06-2021,0.04
01-07-2021,0.0
02-07-2021,0.02
03-07-2021,0.06
04-07-2021,0.3
05-07-2021,0.6
06-07-2021,0.9
07-07-2021,0.99
08-07-2021,0.93
09-07-2021,0.0
10-07-2021,0.81
11-07-2021,0.55
12-07-2021,0.26
13-07-2021,0.15
14-07-2021,0.08
15-07-2021,0.17
16-07-2021,0.21
17-07-2021,0.25
18-07-2021,0.37
19-07-2021,0.54
20-07-2021,0.86
21-07-2021,1.28
22-07-2021,1.45
23-07-2021,1.4
24-07-2021,1.18
25-07-2021,0.86
26-07-2021,0.57
27-07-2021,0.51
28-07-2021,0.74
29-07-2021,1.1
30-07-2021,1.16
31-07-2021,1.16
01-08-2021,1.17
02-08-2021,1.25
03-08-2021,1.35
04-08-2021,1.48
05-08-2021,1.53
06-08-2021,1.51
07-08-2021,1.47
08-08-2021,1.36
09-08-2021,1.19
10-08-2021,0.98
11-08-2021,0.88
12-08-2021,0.82
13-08-2021,0.81
14-08-2021,0.82
15-08-2021,0.88
16-08-2021,0.94
17-08-2021,1.12
18-08-2021,1.35
19-08-2021,1.6
20-08-2021,1.68
21-08-2021,1.68
22-08-2021,1.48
23-08-2021,1.3
24-08-2021,1.11
25-08-2021,1.02
26-08-2021,0.91
27-08-2021,0.84
28-08-2021,0.91
29-08-2021,0.96
30-08-2021,1.06
31-08-2021,1.15
01-09-2021,1.3
02-09-2021,1.55
03-09-2021,1.67
04-09-2021,1.67
05-09-2021,1.61
06-09-2021,1.55
07-09-2021,1.62
08-09-2021,1.41
09-09-2021,1.36
10-09-2021,1.28
11-09-2021,1.25
12-09-2021,1.29
13-09-2021,1.4
14-09-2021,1.58
15-09-2021,1.85
16-09-2021,2.06
17-09-2021,2.2
18-09-2021,2.21
19-09-2021,2.2
20-09-2021,2.07
21-09-2021,1.99
22-09-2021,1.89
23-09-2021,1.75
24-09-2021,1.71
25-09-2021,1.67
26-09-2021,1.7
27-09-2021,1.94
28-09-2021,2.1
29-09-2021,2.12
30-09-2021,2.13
01-10-2021,2.13
02-10-2021,2.2
03-10-2021,2.17
04-10-2021,2.29
05-10-2021,2.33
06-10-2021,2.35
07-10-2021,2.32
08-10-2021,2.15
09-10-2021,2.04
10-10-2021,2.03
11-10-2021,2.01
12-10-2021,2.09
13-10-2021,2.08
14-10-2021,2.18
15-10-2021,2.31
16-10-2021,2.45
17-10-2021,2.47
18-10-2021,2.59
19-10-2021,2.6
20-10-2021,2.59
21-10-2021,2.62
22-10-2021,2.63
23-10-2021,2.61
24-10-2021,2.52
25-10-2021,2.49
26-10-2021,2.41
27-10-2021,2.36
28-10-2021,2.3
29-10-2021,2.33
30-10-2021,2.37
31-10-2021,2.43
01-11-2021,2.47
02-11-2021,2.54
03-11-2021,2.56
04-11-2021,2.56
05-11-2021,2.56
06-11-2021,2.42
07-11-2021,2.33
08-11-2021,2.21
09-11-2021,2.07
10-11-2021,2.03
11-11-2021,2.03
12-11-2021,2.06
13-11-2021,2.14
14-11-2021,2.17
15-11-2021,2.17
16-11-2021,2.23
17-11-2021,2.23
18-11-2021,2.19
19-11-2021,2.09
20-11-2021,2.1
21-11-2021,2.1
22-11-2021,1.89
23-11-2021,1.79
24-11-2021,1.81
25-11-2021,1.75
26-11-2021,1.73
27-11-2021,1.71
28-11-2021,1.71
29-11-2021,1.75
30-11-2021,1.85
01-12-2021,1.96
02-12-2021,2.08
03-12-2021,2.12
04-12-2021,2.12
05-12-2021,2.12
06-12-2021,1.48
07-12-2021,1.94
08-12-2021,1.8
09-12-2021,1.56
10-12-2021,1.56
11-12-2021,1.55
12-12-2021,1.52
13-12-2021,1.59
14-12-2021,1.6
15-12-2021,1.55
16-12-2021,1.58
17-12-2021,1.64
18-12-2021,1.6
19-12-2021,1.57
20-12-2021,1.41
21-12-2021,1.46
22-12-2021,1.56
23-12-2021,1.45
24-12-2021,1.21
25-12-2021,1.08
26-12-2021,0.0
27-12-2021,1.0
28-12-2021,1.0
29-12-2021,1.12
30-12-2021,1.28
31-12-2021,1.37
01-01-2022,1.04
02-01-2022,1.14
03-01-2022,1.16
04-01-2022,1.26
05-01-2022,1.33
06-01-2022,1.43
07-01-2022,1.42
08-01-2022,1.41
09-01-2022,1.34
10-01-2022,1.26
11-01-2022,1.14
12-01-2022,0.89
13-01-2022,0.68
14-01-2022,0.57
15-01-2022,0.0
16-01-2022,0.65
17-01-2022,0.81
18-01-2022,0.95
19-01-2022,1.02
20-01-2022,1.23
21-01-2022,1.52
22-01-2022,1.75
23-01-2022,1.79
24-01-2022,1.71
25-01-2022,1.45
26-01-2022,0.88
27-01-2022,0.58
28-01-2022,0.61
29-01-2022,0.74
30-01-2022,0.72
31-01-2022,0.69
01-02-2022,0.78
02-02-2022,0.86
03-02-2022,1.08
04-02-2022,1.16
05-02-2022,1.37
06-02-2022,1.37
07-02-2022,1.29
08-02-2022,1.14
09-02-2022,0.99
10-02-2022,0.66
11-02-2022,0.28
12-02-2022,0.14
13-02-2022,0.1
14-02-2022,0.11
15-02-2022,0.25
16-02-2022,0.58
17-02-2022,0.85
18-02-2022,0.98
19-02-2022,1.29
20-02-2022,1.6
21-02-2022,1.66
22-02-2022,1.5
23-02-2022,1.07
24-02-2022,0.64
25-02-2022,0.33
26-02-2022,0.26
27-02-2022,0.25
28-02-2022,0.25
01-03-2022,0.4
02-03-2022,0.57
03-03-2022,0.85
04-03-2022,0.88
05-03-2022,1.05
06-03-2022,1.18
07-03-2022,1.32
08-03-2022,1.23
09-03-2022,1.1
10-03-2022,0.94
11-03-2022,0.52
12-03-2022,0.06
13-03-2022,-0.08
14-03-2022,-0.05
15-03-2022,0.0
16-03-2022,0.06
17-03-2022,0.26
18-03-2022,0.42
19-03-2022,0.69
20-03-2022,1.11
21-03-2022,1.3
22-03-2022,1.23
23-03-2022,0.96
24-03-2022,0.58
25-03-2022,0.09
26-03-2022,-0.32
27-03-2022,-0.35
28-03-2022,-0.31
29-03-2022,-0.22
30-03-2022,-0.15
31-03-2022,-0.03
01-04-2022,0.11
02-04-2022,0.28
03-04-2022,0.0
04-04-2022,0.86
05-04-2022,0.98
06-04-2022,0.92
07-04-2022,0.79
08-04-2022,0.53
09-04-2022,0.23
10-04-2022,0.0
11-04-2022,-0.26
12-04-2022,-0.28
13-04-2022,-0.18
14-04-2022,-0.12
15-04-2022,-0.05
16-04-2022,0.11
17-04-2022,0.52
18-04-2022,1.06
19-04-2022,1.11
20-04-2022,0.98
21-04-2022,0.73
22-04-2022,0.37
23-04-2022,0.02
24-04-2022,-0.38
25-04-2022,-0.48
26-04-2022,-0.31
27-04-2022,-0.23
28-04-2022,-0.14
29-04-2022,-0.12
30-04-2022,-0.02
01-05-2022,0.29
02-05-2022,0.81
03-05-2022,1.02
04-05-2022,1.03
05-05-2022,0.96
06-05-2022,0.83
07-05-2022,0.59
08-05-2022,0.18
09-05-2022,-0.29
10-05-2022,-0.53
11-05-2022,-0.42
12-05-2022,-0.35
13-05-2022,-0.2
14-05-2022,-0.04
15-05-2022,0.2
16-05-2022,0.63
17-05-2022,0.94
18-05-2022,0.96
19-05-2022,0.8
20-05-2022,0.64
21-05-2022,0.32
22-05-2022,0.0
23-05-2022,-0.4
24-05-2022,-0.62
25-05-2022,-0.63
26-05-2022,-0.6
27-05-2022,-0.58
28-05-2022,-0.52
29-05-2022,-0.22
30-05-2022,0.02
31-05-2022,0.45
01-06-2022,0.82
02-06-2022,0.6
03-06-2022,0.42
04-06-2022,0.31
05-06-2022,0.3
06-06-2022,0.35
07-06-2022,0.36
08-06-2022,0.38
09-06-2022,0.49
10-06-2022,0.69
11-06-2022,0.94
12-06-2022,1.34
13-06-2022,1.47
14-06-2022,1.43
15-06-2022,1.22
16-06-2022,0.77
17-06-2022,0.36
18-06-2022,0.32
19-06-2022,0.31
20-06-2022,0.31
21-06-2022,0.32
22-06-2022,0.4
23-06-2022,0.54
24-06-2022,0.77
25-06-2022,1.09
26-06-2022,1.26
27-06-2022,1.28
28-06-2022,1.12
29-06-2022,0.87
30-06-2022,0.59
01-07-2022,0.31
02-07-2022,0.2
03-07-2022,0.13
04-07-2022,0.09
05-07-2022,0.14
06-07-2022,0.17
07-07-2022,0.2
08-07-2022,0.31
09-07-2022,0.58
10-07-2022,0.83
11-07-2022,1.18
12-07-2022,1.38
13-07-2022,0.0
14-07-2022,1.37
15-07-2022,1.18
16-07-2022,0.98
17-07-2022,0.96
18-07-2022,0.96
19-07-2022,1.01
20-07-2022,1.05
21-07-2022,1.13
22-07-2022,1.17
23-07-2022,1.32
24-07-2022,1.54
25-07-2022,1.73
26-07-2022,0.0
27-07-2022,0.0
28-07-2022,0.0
29-07-2022,0.0
30-07-2022,1.16
31-07-2022,1.05
01-08-2022,1.0
02-08-2022,0.95
03-08-2022,0.98
04-08-2022,0.99
05-08-2022,1.03
06-08-2022,1.13
07-08-2022,1.3
08-08-2022,1.5
09-08-2022,1.78
10-08-2022,1.92
11-08-2022,2.04
12-08-2022,2.21
13-08-2022,2.13
14-08-2022,2.03
15-08-2022,1.94
16-08-2022,1.85
17-08-2022,1.78
18-08-2022,1.8
19-08-2022,1.85
20-08-2022,1.86
21-08-2022,1.91
22-08-2022,2.05
23-08-2022,2.2
24-08-2022,2.32
25-08-2022,2.33
26-08-2022,2.34
27-08-2022,2.31
28-08-2022,2.31
29-08-2022,2.3
30-08-2022,2.22
31-08-2022,2.19
01-09-2022,2.15
02-09-2022,2.2
03-09-2022,2.24
04-09-2022,2.25
05-09-2022,2.26
06-09-2022,2.42
07-09-2022,2.54
08-09-2022,2.62
09-09-2022,2.64
10-09-2022,2.65
11-09-2022,2.57
12-09-2022,2.53
13-09-2022,2.47
14-09-2022,2.45
15-09-2022,2.37
16-09-2022,2.38
17-09-2022,2.42
18-09-2022,2.44
19-09-2022,2.47
20-09-2022,2.54
21-09-2022,2.65
22-09-2022,2.75
23-09-2022,2.76
24-09-2022,2.79
25-09-2022,2.84
26-09-2022,2.85
27-09-2022,2.84
28-09-2022,2.78
29-09-2022,2.84
30-09-2022,2.9
01-10-2022,2.94
02-10-2022,3.05
03-10-2022,3.15
04-10-2022,3.2
05-10-2022,3.31
06-10-2022,3.38
07-10-2022,3.44
08-10-2022,3.5
09-10-2022,3.55
10-10-2022,3.55
11-10-2022,3.54
12-10-2022,3.52
13-10-2022,3.5
14-10-2022,3.45
15-10-2022,3.37
16-10-2022,3.34
17-10-2022,3.3
18-10-2022,3.3
19-10-2022,3.33
20-10-2022,3.35
21-10-2022,3.38
22-10-2022,3.39
23-10-2022,3.31
24-10-2022,3.28
25-10-2022,3.3
26-10-2022,3.18
27-10-2022,3.13
28-10-2022,3.06
29-10-2022,2.95
30-10-2022,2.85
31-10-2022,2.78
01-11-2022,2.72
02-11-2022,2.7
03-11-2022,2.72
04-11-2022,2.74
05-11-2022,2.79
06-11-2022,0.0
07-11-2022,2.7
08-11-2022,2.61
09-11-2022,2.57
10-11-2022,2.48
11-11-2022,2.38
12-11-2022,2.28
13-11-2022,2.15
14-11-2022,2.09
15-11-2022,2.05
16-11-2022,2.02
17-11-2022,2.03
18-11-2022,2.02
19-11-2022,2.06
20-11-2022,2.04
21-11-2022,2.05
22-11-2022,2.11
23-11-2022,2.15
24-11-2022,2.19
25-11-2022,2.13
26-11-2022,2.03
27-11-2022,1.92
28-11-2022,1.74
29-11-2022,1.66
30-11-2022,1.66
01-12-2022,1.73
02-12-2022,1.79
03-12-2022,1.82
04-12-2022,1.85
05-12-2022,1.94
06-12-2022,1.94
07-12-2022,2.0
08-12-2022,1.92
09-12-2022,1.96
10-12-2022,1.97
11-12-2022,1.92
12-12-2022,1.71
13-12-2022,1.53
14-12-2022,1.43
15-12-2022,1.37
16-12-2022,1.35
17-12-2022,1.37
18-12-2022,1.39
19-12-2022,1.49
20-12-2022,1.5
21-12-2022,1.54
22-12-2022,1.7
23-12-2022,1.87
24-12-2022,1.91
25-12-2022,1.89
26-12-2022,1.77
27-12-2022,1.46
28-12-2022,1.08
29-12-2022,0.98
30-12-2022,0.93
31-12-2022,1.04
01-01-2023,1.04
02-01-2023,0.86
03-01-2023,0.82
04-01-2023,0.83
05-01-2023,0.87
06-01-2023,0.82
07-01-2023,0.86
08-01-2023,0.99
09-01-2023,1.12
10-01-2023,1.24
11-01-2023,1.5
12-01-2023,1.69
13-01-2023,1.7
14-01-2023,1.5
15-01-2023,1.14
16-01-2023,0.75
17-01-2023,0.62
18-01-2023,0.52
19-01-2023,0.48
20-01-2023,0.55
21-01-2023,0.65
22-01-2023,0.82
23-01-2023,0.99
24-01-2023,1.29
25-01-2023,1.5
26-01-2023,1.56
27-01-2023,1.45
28-01-2023,1.32
29-01-2023,1.01
30-01-2023,0.74
31-01-2023,0.41
01-02-2023,0.41
02-02-2023,0.12
03-02-2023,0.12
04-02-2023,0.12
05-02-2023,0.19
06-02-2023,0.3
07-02-2023,0.55
08-02-2023,0.88
09-02-2023,1.2
10-02-2023,1.57
11-02-2023,1.66
12-02-2023,0.0
13-02-2023,1.12
14-02-2023,0.65
15-02-2023,0.23
16-02-2023,0.22
17-02-2023,0.27
18-02-2023,0.23
19-02-2023,0.29
20-02-2023,0.37
21-02-2023,0.54
22-02-2023,0.76
23-02-2023,0.94
24-02-2023,1.08
25-02-2023,1.07
26-02-2023,1.09
27-02-2023,0.0
28-02-2023,0.78
01-03-2023,0.08
02-03-2023,0.03
03-03-2023,0.06
04-03-2023,0.06
05-03-2023,0.0
06-03-2023,0.09
07-03-2023,0.31
08-03-2023,0.65
09-03-2023,1.19
10-03-2023,1.35
11-03-2023,1.3
12-03-2023,1.08
13-03-2023,0.73
14-03-2023,0.16
15-03-2023,-0.21
16-03-2023,-0.23
17-03-2023,-0.19
18-03-2023,-0.13
19-03-2023,0.0
20-03-2023,0.23
21-03-2023,0.57
22-03-2023,0.83
23-03-2023,1.04
24-03-2023,0.98
25-03-2023,0.99
26-03-2023,0.89
27-03-2023,0.75
28-03-2023,0.48
29-03-2023,0.09
30-03-2023,-0.3
31-03-2023,-0.42
01-04-2023,-0.4
02-04-2023,-0.3
03-04-2023,-0.26
04-04-2023,-0.15
05-04-2023,0.09
06-04-2023,0.56
07-04-2023,0.94
08-04-2023,1.08
09-04-2023,0.98
10-04-2023,0.9
11-04-2023,0.62
12-04-2023,0.1
13-04-2023,-0.33
14-04-2023,-0.35
15-04-2023,-0.31
16-04-2023,-0.28
17-04-2023,-0.23
18-04-2023,-0.14
19-04-2023,0.09
20-04-2023,0.47
21-04-2023,0.77
22-04-2023,0.82
23-04-2023,0.79
24-04-2023,0.68
25-04-2023,0.56
26-04-2023,0.31
27-04-2023,-0.07
28-04-2023,-0.38
29-04-2023,-0.53
30-04-2023,-0.49
01-05-2023,-0.39
02-05-2023,-0.29
03-05-2023,-0.19
04-05-2023,0.08
05-05-2023,0.52
06-05-2023,0.97
07-05-2023,1.09
08-05-2023,1.03
09-05-2023,0.91
10-05-2023,0.6
11-05-2023,0.0
12-05-2023,-0.35
13-05-2023,-0.33
14-05-2023,-0.27
15-05-2023,-0.25
16-05-2023,-0.26
17-05-2023,-0.11
18-05-2023,0.15
19-05-2023,0.55
20-05-2023,0.87
21-05-2023,0.0
22-05-2023,0.0
23-05-2023,0.0
24-05-2023,0.0
25-05-2023,0.0
26-05-2023,0.0
27-05-2023,0.0
28-05-2023,0.0
29-05-2023,0.0
30-05-2023,0.0
31-05-2023,0.0
01-06-2023,0.77
02-06-2023,0.86
03-06-2023,0.83
04-06-2023,0.71
05-06-2023,0.47
06-06-2023,0.08
07-06-2023,0.0
08-06-2023,0.0
09-06-2023,0.0
10-06-2023,0.0
11-06-2023,0.0
12-06-2023,0.0
13-06-2023,0.13
14-06-2023,0.63
15-06-2023,0.97
16-06-2023,1.04
17-06-2023,0.97
18-06-2023,0.75
19-06-2023,0.42
20-06-2023,0.18
21-06-2023,0.0
22-06-2023,0.0
23-06-2023,0.0
24-06-2023,0.0
25-06-2023,0.0
26-06-2023,0.0
27-06-2023,0.0
28-06-2023,0.16
29-06-2023,0.48
30-06-2023,0.9
01-07-2023,1.08
02-07-2023,1.08
03-07-2023,1.03
04-07-2023,0.7
05-07-2023,0.24
06-07-2023,0.03
07-07-2023,0.0
08-07-2023,0.11
09-07-2023,0.21
10-07-2023,0.23
11-07-2023,0.33
12-07-2023,0.48
13-07-2023,0.81
14-07-2023,1.0
15-07-2023,1.05
16-07-2023,0.94
17-07-2023,0.68
18-07-2023,0.6
19-07-2023,0.44
20-07-2023,0.4
21-07-2023,0.39
22-07-2023,0.49
23-07-2023,0.55
24-07-2023,0.58
25-07-2023,0.6
26-07-2023,0.63
27-07-2023,0.77
28-07-2023,1.05
29-07-2023,1.33
30-07-2023,1.63
31-07-2023,1.76
01-08-2023,1.73
02-08-2023,1.59
03-08-2023,1.51
04-08-2023,1.53
05-08-2023,1.65
06-08-2023,1.79
07-08-2023,1.83
08-08-2023,1.83
09-08-2023,1.81
10-08-2023,1.78
11-08-2023,1.81
12-08-2023,1.88
13-08-2023,1.93
14-08-2023,1.93
15-08-2023,1.89
16-08-2023,1.79
17-08-2023,1.73
18-08-2023,1.65
19-08-2023,1.63
20-08-2023,0.0
21-08-2023,1.59
22-08-2023,1.55
23-08-2023,1.53
24-08-2023,1.51
25-08-2023,1.51
26-08-2023,1.58
27-08-2023,1.73
28-08-2023,1.94
29-08-2023,2.01
30-08-2023,1.98
31-08-2023,1.92
01-09-2023,1.82
02-09-2023,1.77
03-09-2023,1.74
04-09-2023,1.78
05-09-2023,1.78
06-09-2023,1.75
07-09-2023,1.77
08-09-2023,1.87
09-09-2023,1.98
10-09-2023,2.06
11-09-2023,2.08
12-09-2023,2.1
13-09-2023,2.09
14-09-2023,2.07
15-09-2023,2.1
16-09-2023,2.14
17-09-2023,2.26
18-09-2023,2.33
19-09-2023,2.37
20-09-2023,2.41
21-09-2023,2.44
22-09-2023,2.46
23-09-2023,2.49
24-09-2023,2.53
25-09-2023,2.57
26-09-2023,2.67
27-09-2023,2.7
28-09-2023,2.7
29-09-2023,2.83
30-09-2023,2.79
01-10-2023,2.8
02-10-2023,2.75
03-10-2023,2.78
04-10-2023,2.77
05-10-2023,2.77
06-10-2023,2.75
07-10-2023,2.73
08-10-2023,2.74
09-10-2023,2.79
10-10-2023,2.89
11-10-2023,2.96
12-10-2023,3.01
13-10-2023,3.0
14-10-2023,3.0
15-10-2023,0.0
16-10-2023,2.97
17-10-2023,2.92
18-10-2023,2.88
19-10-2023,2.82
20-10-2023,2.77
21-10-2023,2.77
22-10-2023,2.77
23-10-2023,2.79
24-10-2023,2.81
25-10-2023,0.0
26-10-2023,2.86
27-10-2023,2.9
28-10-2023,2.91
29-10-2023,2.89
30-10-2023,2.81
31-10-2023,2.74
01-11-2023,2.58
02-11-2023,2.49
03-11-2023,2.39
04-11-2023,2.32
05-11-2023,2.27
06-11-2023,2.21
07-11-2023,2.23
08-11-2023,2.22
09-11-2023,2.25
10-11-2023,2.29
11-11-2023,2.28
12-11-2023,2.33
13-11-2023,2.31
14-11-2023,2.23
15-11-2023,2.15
16-11-2023,2.09
17-11-2023,2.1
18-11-2023,2.02
19-11-2023,1.96
20-11-2023,1.94
21-11-2023,1.94
22-11-2023,1.96
23-11-2023,2.02
24-11-2023,2.0
25-11-2023,2.11
26-11-2023,2.1
27-11-2023,2.08
28-11-2023,2.03
29-11-2023,1.96
30-11-2023,1.79
01-12-2023,1.74
02-12-2023,1.57
03-12-2023,1.5
04-12-2023,1.44
05-12-2023,1.45
06-12-2023,1.44
07-12-2023,1.48
08-12-2023,1.52
09-12-2023,1.41
10-12-2023,1.44
11-12-2023,1.54
12-12-2023,1.64
13-12-2023,1.71
14-12-2023,1.7
15-12-2023,1.68
16-12-2023,1.52
17-12-2023,1.37
18-12-2023,1.25
19-12-2023,1.1
20-12-2023,1.1
21-12-2023,1.18
22-12-2023,1.35
23-12-2023,0.0
24-12-2023,1.4
25-12-2023,1.58
26-12-2023,0.0
27-12-2023,1.68
28-12-2023,0.0
29-12-2023,0.0
30-12-2023,1.5
31-12-2023,1.21
01-01-2024,1.55
02-01-2024,1.6
03-01-2024,1.41
04-01-2024,1.12
05-01-2024,0.86
06-01-2024,0.7
07-01-2024,0.65
08-01-2024,0.66
09-01-2024,0.75
10-01-2024,0.84
11-01-2024,1.16
12-01-2024,1.33
13-01-2024,1.52
14-01-2024,1.6
15-01-2024,1.61
16-01-2024,1.56
17-01-2024,1.29
18-01-2024,1.05
19-01-2024,0.66
20-01-2024,0.49
21-01-2024,0.42
22-01-2024,0.37
23-01-2024,0.41
24-01-2024,0.42
25-01-2024,0.59
26-01-2024,0.69
27-01-2024,1.03
28-01-2024,0.0
29-01-2024,0.0
30-01-2024,0.0
31-01-2024,0.0
01-02-2024,0.0
02-02-2024,0.0
03-02-2024,0.0
04-02-2024,0.15
05-02-2024,0.22
06-02-2024,0.19
07-02-2024,0.27
08-02-2024,0.48
09-02-2024,0.72
10-02-2024,0.99
11-02-2024,1.17
12-02-2024,0.0
13-02-2024,0.0
14-02-2024,0.0
15-02-2024,0.0
16-02-2024,0.0
17-02-2024,0.0
18-02-2024,0.06
19-02-2024,-0.06
20-02-2024,-0.03
21-02-2024,0.01
22-02-2024,0.11
23-02-2024,0.26
24-02-2024,0.5
25-02-2024,0.79
26-02-2024,1.06
27-02-2024,1.4
28-02-2024,1.5
01-03-2024,1.4
02-03-2024,1.1
03-03-2024,0.61
04-03-2024,-0.06
05-03-2024,0.0
06-03-2024,-0.18
07-03-2024,-0.11
08-03-2024,0.22
09-03-2024,0.41
10-03-2024,0.6
11-03-2024,0.84
12-03-2024,1.12
13-03-2024,1.28
14-03-2024,1.22
15-03-2024,1.11
16-03-2024,0.87
17-03-2024,0.59
18-03-2024,0.4
19-03-2024,0.25
20-03-2024,0.09
21-03-2024,-0.01
22-03-2024,0.0
23-03-2024,0.15
24-03-2024,0.18
25-03-2024,0.29
26-03-2024,0.38
27-03-2024,0.75
28-03-2024,1.16
29-03-2024,1.26
30-03-2024,1.21
31-03-2024,1.04
01-04-2024,0.66
02-04-2024,0.3
03-04-2024,0.16
04-04-2024,0.13
05-04-2024,0.13
06-04-2024,0.09
07-04-2024,0.24
08-04-2024,0.44
09-04-2024,0.6
10-04-2024,0.97
11-04-2024,1.1
12-04-2024,1.05
13-04-2024,0.92
14-04-2024,0.0
15-04-2024,0.71
16-04-2024,0.43
17-04-2024,-0.02
18-04-2024,-0.35
19-04-2024,-0.32
20-04-2024,-0.27
21-04-2024,-0.22
22-04-2024,-0.11
23-04-2024,-0.05
24-04-2024,0.18
25-04-2024,0.6
26-04-2024,0.98
27-04-2024,1.06
28-04-2024,0.98
29-04-2024,0.79
30-04-2024,0.5
01-05-2024,0.02
02-05-2024,-0.29
03-05-2024,-0.23
04-05-2024,-0.19
05-05-2024,0.0
06-05-2024,-0.13
07-05-2024,0.06
08-05-2024,0.45
09-05-2024,0.75
10-05-2024,0.89
11-05-2024,0.83
12-05-2024,0.81
13-05-2024,0.53
14-05-2024,0.5
15-05-2024,0.24
16-05-2024,-0.04
17-05-2024,-0.26
18-05-2024,-0.31
19-05-2024,-0.24
20-05-2024,-0.23
21-05-2024,-0.19
22-05-2024,-0.07
23-05-2024,0.21
24-05-2024,0.74
25-05-2024,0.0
26-05-2024,0.0
27-05-2024,1.17
28-05-2024,0.92
29-05-2024,0.51
30-05-2024,0.13
31-05-2024,0.03
01-06-2024,0.0
02-06-2024,0.23
03-06-2024,0.74
04-06-2024,1.09
05-06-2024,1.11
06-06-2024,0.97
07-06-2024,0.73
08-06-2024,0.38
09-06-2024,0.04
10-06-2024,0.0
11-06-2024,0.0
12-06-2024,0.0
13-06-2024,0.0
14-06-2024,0.0
15-06-2024,0.0
16-06-2024,0.0
17-06-2024,0.27
18-06-2024,0.0
19-06-2024,0.85
20-06-2024,0.86
21-06-2024,0.72
22-06-2024,0.7
23-06-2024,0.26
24-06-2024,0.05
25-06-2024,0.0
26-06-2024,0.0
27-06-2024,0.0
28-06-2024,0.12
29-06-2024,0.0
30-06-2024,0.4
01-07-2024,0.0
02-07-2024,0.93
03-07-2024,1.29
04-07-2024,1.36
05-07-2024,1.18
06-07-2024,0.92
07-07-2024,0.74
08-07-2024,0.52
09-07-2024,0.41
10-07-2024,0.37
11-07-2024,0.35
12-07-2024,0.3
13-07-2024,0.29
14-07-2024,0.29
15-07-2024,0.51
16-07-2024,0.75
17-07-2024,1.03
18-07-2024,1.38
19-07-2024,1.63
20-07-2024,1.71
21-07-2024,0.0
22-07-2024,1.59
23-07-2024,1.5
24-07-2024,1.6
25-07-2024,1.65
26-07-2024,1.74
27-07-2024,1.77
28-07-2024,1.79
29-07-2024,1.84
30-07-2024,1.93
31-07-2024,2.09
01-08-2024,2.23
02-08-2024,2.25
03-08-2024,2.17
04-08-2024,2.0
05-08-2024,1.87
06-08-2024,0.38
07-08-2024,1.66
08-08-2024,1.61
09-08-2024,1.59
10-08-2024,1.57
11-08-2024,0.0
12-08-2024,1.63
13-08-2024,0.0
14-08-2024,1.67
15-08-2024,1.81
16-08-2024,1.96
17-08-2024,2.05
18-08-2024,2.05
19-08-2024,2.01
20-08-2024,1.87
21-08-2024,1.76
22-08-2024,1.66
23-08-2024,1.63
24-08-2024,1.63
25-08-2024,1.68
26-08-2024,1.72
27-08-2024,1.76
28-08-2024,1.86
29-08-2024,2.01
30-08-2024,2.09
31-08-2024,2.1
01-09-2024,2.14
02-09-2024,2.18
03-09-2024,2.13
04-09-2024,0.0
05-09-2024,2.07
06-09-2024,2.06
07-09-2024,2.05
08-09-2024,2.07
09-09-2024,2.06
10-09-2024,2.09
11-09-2024,2.09
12-09-2024,2.12
13-09-2024,2.15
14-09-2024,2.29
15-09-2024,2.39
16-09-2024,2.52
17-09-2024,2.56
18-09-2024,2.67
19-09-2024,2.72
20-09-2024,2.75
21-09-2024,2.78
22-09-2024,2.81
23-09-2024,2.9
24-09-2024,2.98
25-09-2024,3.06
26-09-2024,3.14
27-09-2024,3.22
28-09-2024,3.27
29-09-2024,3.28
30-09-2024,3.27
01-10-2024,3.23
02-10-2024,3.19
03-10-2024,3.18
04-10-2024,3.17
05-10-2024,3.19
06-10-2024,3.16
07-10-2024,3.13
08-10-2024,3.13
09-10-2024,3.07
10-10-2024,3.03
11-10-2024,3.02
12-10-2024,3.02
13-10-2024,3.04
14-10-2024,3.05
15-10-2024,3.05
16-10-2024,3.03
17-10-2024,3.01
18-10-2024,3.02
19-10-2024,2.91
20-10-2024,2.81
21-10-2024,2.72
22-10-2024,2.64
23-10-2024,2.6
24-10-2024,2.57
25-10-2024,0.0
26-10-2024,2.5
27-10-2024,2.49
28-10-2024,2.49
29-10-2024,0.0
30-10-2024,2.46
31-10-2024,2.42
01-11-2024,2.45
02-11-2024,2.43
03-11-2024,2.41
04-11-2024,2.38
05-11-2024,2.29
06-11-2024,2.21
07-11-2024,2.14
08-11-2024,2.13
09-11-2024,2.09
10-11-2024,2.12
11-11-2024,2.14
12-11-2024,2.16
13-11-2024,2.2
14-11-2024,2.29
15-11-2024,0.0
16-11-2024,0.0
17-11-2024,0.0
18-11-2024,0.0
19-11-2024,1.96
20-11-2024,1.73
21-11-2024,1.7
22-11-2024,1.69
23-11-2024,1.68
24-11-2024,1.7
25-11-2024,1.72
26-11-2024,1.7
27-11-2024,1.73
28-11-2024,1.74
29-11-2024,1.68
30-11-2024,1.69
01-12-2024,1.71
02-12-2024,1.74
03-12-2024,1.7
04-12-2024,1.63
05-12-2024,1.42
06-12-2024,1.28
07-12-2024,1.2
08-12-2024,1.18
09-12-2024,1.2
10-12-2024,1.26
11-12-2024,1.24
12-12-2024,1.36
13-12-2024,1.58
14-12-2024,1.76
15-12-2024,1.86
16-12-2024,1.91
17-12-2024,1.8
18-12-2024,1.65
19-12-2024,1.49
20-12-2024,1.25
21-12-2024,1.12
22-12-2024,0.98
23-12-2024,0.89
24-12-2024,0.89
25-12-2024,0.93
26-12-2024,1.07
27-12-2024,0.0
28-12-2024,0.0
29-12-2024,0.0
30-12-2024,0.0
31-12-2024,1.58
01-01-2025,1.34
02-01-2025,1.52
03-01-2025,1.77
04-01-2025,1.93
05-01-2025,1.88
06-01-2025,1.75
07-01-2025,1.43
08-01-2025,1.22
09-01-2025,0.95
10-01-2025,0.8
11-01-2025,0.76
12-01-2025,0.79
13-01-2025,0.86
14-01-2025,0.89
15-01-2025,1.03
16-01-2025,1.16
17-01-2025,1.22
18-01-2025,1.29
19-01-2025,0.0
20-01-2025,0.0
21-01-2025,1.43
22-01-2025,1.19
23-01-2025,0.96
24-01-2025,0.77
25-01-2025,0.64
26-01-2025,0.57
27-01-2025,0.61
28-01-2025,0.62
29-01-2025,0.81
30-01-2025,0.97
31-01-2025,1.16
01-02-2025,1.43
02-02-2025,1.73
03-02-2025,1.74
04-02-2025,1.46
05-02-2025,1.18
06-02-2025,0.74
07-02-2025,0.3
08-02-2025,0.28
09-02-2025,0.35
10-02-2025,0.32
11-02-2025,0.38
12-02-2025,0.0
13-02-2025,0.0
14-02-2025,0.0
15-02-2025,0.0
16-02-2025,0.0
17-02-2025,1.41
18-02-2025,1.42
19-02-2025,1.43
20-02-2025,1.14
21-02-2025,0.78
22-02-2025,0.25
23-02-2025,-0.02
24-02-2025,0.0
25-02-2025,0.0
26-02-2025,0.0
27-02-2025,0.0
28-02-2025,0.52
01-03-2025,0.86
02-03-2025,0.0
03-03-2025,1.33
04-03-2025,1.29
05-03-2025,1.08
06-03-2025,0.9
07-03-2025,0.58
08-03-2025,0.39
09-03-2025,0.21
10-03-2025,0.11
11-03-2025,0.19
12-03-2025,0.32
13-03-2025,0.45
14-03-2025,0.48
15-03-2025,0.66
16-03-2025,0.87
17-03-2025,1.25
18-03-2025,1.4
19-03-2025,1.39
20-03-2025,1.26
21-03-2025,0.95
22-03-2025,0.61
23-03-2025,0.14
24-03-2025,0.0
25-03-2025,0.0
26-03-2025,0.0
27-03-2025,0.0
28-03-2025,0.0
29-03-2025,0.0
30-03-2025,0.0
31-03-2025,0.0
01-04-2025,0.0
02-04-2025,0.0
03-04-2025,0.0
04-04-2025,0.0
05-04-2025,0.0
06-04-2025,0.0
07-04-2025,0.0
08-04-2025,0.0
09-04-2025,0.0
10-04-2025,0.0
11-04-2025,0.0
12-04-2025,0.0
13-04-2025,0.0
14-04-2025,0.0
15-04-2025,0.0
16-04-2025,0.0
17-04-2025,0.0
18-04-2025,0.0
19-04-2025,0.0
20-04-2025,0.0
21-04-2025,0.0
22-04-2025,0.0
23-04-2025,0.0
24-04-2025,0.0
25-04-2025,0.0
26-04-2025,0.0
27-04-2025,0.0
28-04-2025,0.0
29-04-2025,0.0
30-04-2025,0.0
01-05-2025,0.0
02-05-2025,0.0
03-05-2025,0.0
04-05-2025,0.0
05-05-2025,0.0
06-05-2025,0.0
07-05-2025,0.0
08-05-2025,0.0
09-05-2025,0.0
10-05-2025,0.0
11-05-2025,0.0
12-05-2025,0.0
13-05-2025,0.0
14-05-2025,0.0
15-05-2025,0.0
16-05-2025,0.0
17-05-2025,0.0
18-05-2025,0.0
19-05-2025,0.0
20-05-2025,0.0
21-05-2025,0.0
22-05-2025,0.0
23-05-2025,0.0
24-05-2025,0.0
25-05-2025,0.0
26-05-2025,0.0
27-05-2025,0.0
28-05-2025,0.0
29-05-2025,0.0
30-05-2025,0.0
31-05-2025,0.0
01-11-2025,3.09
02-11-2025,3.17
03-11-2025,3.22
04-11-2025,3.23
05-11-2025,3.25
06-11-2025,3.24
07-11-2025,3.19
08-11-2025,3.14
09-11-2025,3.08
10-11-2025,3.05
11-11-2025,3.02
12-11-2025,2.95
13-11-2025,2.94
14-11-2025,2.98
15-11-2025,2.9
16-11-2025,2.8
17-11-2025,2.73
18-11-2025,2.67
19-11-2025,2.67
20-11-2025,2.62
21-11-2025,2.6
22-11-2025,2.6
23-11-2025,2.64
24-11-2025,2.58
25-11-2025,2.51
26-11-2025,2.47
27-11-2025,2.36
28-11-2025,2.27
29-11-2025,2.25
30-11-2025,2.23
01-12-2025,2.24
02-12-2025,2.2
03-12-2025,0.0
04-12-2025,2.22
05-12-2025,2.36
06-12-2025,2.32
07-12-2025,2.3
08-12-2025,2.11
09-12-2025,1.91
10-12-2025,1.7
11-12-2025,1.67
12-12-2025,1.65
13-12-2025,1.64
14-12-2025,1.63
15-12-2025,1.63
16-12-2025,1.57
17-12-2025,1.58
18-12-2025,1.65
19-12-2025,0.0
20-12-2025,0.0
21-12-2025,0.0
22-12-2025,0.0
23-12-2025,0.0
24-12-2025,1.4
25-12-2025,1.28
26-12-2025,1.28
27-12-2025,1.27
28-12-2025,1.21
29-12-2025,1.19
30-12-2025,1.22
31-12-2025,1.23
-1992,0.0
-2003,0.0
-2006,0.0
-2007,0.5
-2008,0.0
-2009,0.0
-2010,0.0
-2011,0.44
-2012,0.0
-2013,0.0
-2014,0.0
-2015,0.25
-2016,0.0
-2017,0.0
-2018,0.0
-2019,0.0
-2020,0.0
-2021,0.0
-2022,0.0
-2023,0.39
-2024,0.0
-2025,0.0
