dd-mm-yy,value
01-01-1992,0.0
02-01-1992,0.0
03-01-1992,0.0
04-01-1992,0.0
05-01-1992,0.0
06-01-1992,0.0
07-01-1992,0.0
08-01-1992,0.0
09-01-1992,0.0
10-01-1992,0.0
11-01-1992,0.0
12-01-1992,0.0
13-01-1992,0.0
14-01-1992,0.0
15-01-1992,0.0
16-01-1992,0.0
17-01-1992,0.0
18-01-1992,0.0
19-01-1992,0.0
20-01-1992,0.0
21-01-1992,0.0
22-01-1992,0.0
23-01-1992,0.0
24-01-1992,0.0
25-01-1992,0.0
26-01-1992,0.0
27-01-1992,0.0
28-01-1992,0.0
29-01-1992,0.0
30-01-1992,0.0
31-01-1992,0.0
01-02-1992,0.0
02-02-1992,0.0
03-02-1992,0.0
04-02-1992,0.0
05-02-1992,0.0
06-02-1992,0.0
07-02-1992,0.0
08-02-1992,0.0
09-02-1992,0.0
10-02-1992,0.0
11-02-1992,0.0
12-02-1992,0.0
13-02-1992,0.0
14-02-1992,0.0
15-02-1992,0.0
16-02-1992,0.0
17-02-1992,0.0
18-02-1992,0.0
19-02-1992,0.0
20-02-1992,0.0
21-02-1992,0.0
22-02-1992,0.0
23-02-1992,0.0
24-02-1992,0.0
25-02-1992,0.0
26-02-1992,0.0
27-02-1992,0.0
28-02-1992,0.0
01-03-1992,0.0
02-03-1992,0.0
03-03-1992,0.0
04-03-1992,0.0
05-03-1992,0.0
06-03-1992,0.0
07-03-1992,0.0
08-03-1992,0.0
09-03-1992,0.0
10-03-1992,0.0
11-03-1992,0.0
12-03-1992,0.0
13-03-1992,0.0
14-03-1992,0.0
15-03-1992,0.0
16-03-1992,0.0
17-03-1992,0.0
18-03-1992,0.0
19-03-1992,0.0
20-03-1992,0.0
21-03-1992,0.0
22-03-1992,0.0
23-03-1992,0.0
24-03-1992,0.0
25-03-1992,0.0
26-03-1992,0.0
27-03-1992,0.0
28-03-1992,0.0
29-03-1992,0.0
30-03-1992,0.0
31-03-1992,0.0
01-04-1992,0.0
02-04-1992,0.0
03-04-1992,0.0
04-04-1992,0.0
05-04-1992,0.0
06-04-1992,0.0
07-04-1992,0.0
08-04-1992,0.0
09-04-1992,0.0
10-04-1992,0.0
11-04-1992,0.0
12-04-1992,0.0
13-04-1992,0.0
14-04-1992,0.0
15-04-1992,0.0
16-04-1992,0.0
17-04-1992,0.0
18-04-1992,0.0
19-04-1992,0.0
20-04-1992,0.0
21-04-1992,0.0
22-04-1992,0.0
23-04-1992,0.0
24-04-1992,0.0
25-04-1992,0.0
26-04-1992,0.0
27-04-1992,0.0
28-04-1992,0.0
29-04-1992,0.0
30-04-1992,0.0
01-05-1992,0.0
02-05-1992,0.0
03-05-1992,0.0
04-05-1992,0.0
05-05-1992,0.0
06-05-1992,0.0
07-05-1992,0.0
08-05-1992,0.0
09-05-1992,0.0
10-05-1992,0.0
11-05-1992,0.0
12-05-1992,0.0
13-05-1992,0.0
14-05-1992,0.0
15-05-1992,0.0
16-05-1992,0.0
17-05-1992,0.0
18-05-1992,0.0
19-05-1992,0.0
20-05-1992,0.0
21-05-1992,0.0
22-05-1992,0.0
23-05-1992,0.0
24-05-1992,0.0
25-05-1992,0.0
26-05-1992,0.0
27-05-1992,0.0
28-05-1992,0.0
29-05-1992,0.0
30-05-1992,0.0
31-05-1992,0.0
01-06-1992,0.41
02-06-1992,0.46
03-06-1992,0.49
04-06-1992,0.52
05-06-1992,0.54
06-06-1992,0.53
07-06-1992,0.46
08-06-1992,0.43
09-06-1992,0.44
10-06-1992,0.4
11-06-1992,0.47
12-06-1992,0.49
13-06-1992,0.52
14-06-1992,0.54
15-06-1992,0.57
16-06-1992,0.6
17-06-1992,0.63
18-06-1992,0.66
19-06-1992,0.62
20-06-1992,0.55
21-06-1992,0.58
22-06-1992,0.53
23-06-1992,0.5
24-06-1992,0.53
25-06-1992,0.57
26-06-1992,0.52
27-06-1992,0.5
28-06-1992,0.65
29-06-1992,0.87
30-06-1992,1.1
01-07-1992,1.29
02-07-1992,1.32
03-07-1992,1.28
04-07-1992,1.23
05-07-1992,1.16
06-07-1992,1.09
07-07-1992,1.01
08-07-1992,0.96
09-07-1992,0.92
10-07-1992,0.86
11-07-1992,0.83
12-07-1992,0.81
13-07-1992,0.83
14-07-1992,0.88
15-07-1992,0.96
16-07-1992,1.02
17-07-1992,1.06
18-07-1992,1.06
19-07-1992,1.04
20-07-1992,1.04
21-07-1992,1.02
22-07-1992,0.96
23-07-1992,0.92
24-07-1992,0.96
25-07-1992,0.99
26-07-1992,1.07
27-07-1992,1.22
28-07-1992,1.45
29-07-1992,1.69
30-07-1992,1.79
31-07-1992,1.82
01-08-1992,1.85
02-08-1992,1.84
03-08-1992,1.82
04-08-1992,1.79
05-08-1992,1.76
06-08-1992,1.73
07-08-1992,1.67
08-08-1992,1.65
09-08-1992,1.63
10-08-1992,1.64
11-08-1992,1.63
12-08-1992,1.62
13-08-1992,1.65
14-08-1992,1.7
15-08-1992,1.76
16-08-1992,1.81
17-08-1992,1.9
18-08-1992,1.98
19-08-1992,2.05
20-08-1992,2.1
21-08-1992,2.15
22-08-1992,2.2
23-08-1992,2.24
24-08-1992,2.29
25-08-1992,2.33
26-08-1992,2.38
27-08-1992,2.42
28-08-1992,2.47
29-08-1992,2.52
30-08-1992,2.58
31-08-1992,2.61
01-09-1992,2.65
02-09-1992,2.7
03-09-1992,2.72
04-09-1992,2.72
05-09-1992,2.71
06-09-1992,2.72
07-09-1992,2.71
08-09-1992,2.7
09-09-1992,2.69
10-09-1992,2.7
11-09-1992,2.7
12-09-1992,2.71
13-09-1992,2.73
14-09-1992,2.75
15-09-1992,2.76
16-09-1992,2.77
17-09-1992,2.77
18-09-1992,2.77
19-09-1992,2.77
20-09-1992,2.75
21-09-1992,2.74
22-09-1992,2.74
23-09-1992,2.75
24-09-1992,2.76
25-09-1992,2.77
26-09-1992,2.81
27-09-1992,2.85
28-09-1992,2.87
29-09-1992,2.91
30-09-1992,2.91
01-10-1992,2.92
02-10-1992,2.92
03-10-1992,2.92
04-10-1992,2.92
05-10-1992,2.92
06-10-1992,2.91
07-10-1992,2.9
08-10-1992,2.9
09-10-1992,2.89
10-10-1992,2.9
11-10-1992,2.9
12-10-1992,2.92
13-10-1992,2.92
14-10-1992,2.91
15-10-1992,2.9
16-10-1992,2.9
17-10-1992,2.89
18-10-1992,2.88
19-10-1992,2.84
20-10-1992,2.79
21-10-1992,2.74
22-10-1992,2.69
23-10-1992,2.64
24-10-1992,2.6
25-10-1992,2.57
26-10-1992,2.57
27-10-1992,2.58
28-10-1992,2.59
29-10-1992,2.6
30-10-1992,2.66
31-10-1992,2.67
01-11-1992,2.67
02-11-1992,2.67
03-11-1992,2.66
04-11-1992,2.63
05-11-1992,2.59
06-11-1992,2.55
07-11-1992,2.52
08-11-1992,2.5
09-11-1992,2.48
10-11-1992,2.47
11-11-1992,2.42
12-11-1992,2.38
13-11-1992,2.34
14-11-1992,2.3
15-11-1992,2.27
16-11-1992,2.22
17-11-1992,2.17
18-11-1992,2.1
19-11-1992,2.06
20-11-1992,2.02
21-11-1992,2.0
22-11-1992,1.97
23-11-1992,1.94
24-11-1992,1.91
25-11-1992,1.89
26-11-1992,1.87
27-11-1992,1.84
28-11-1992,1.8
29-11-1992,1.75
30-11-1992,1.7
01-12-1992,1.62
02-12-1992,1.56
03-12-1992,1.5
04-12-1992,1.45
05-12-1992,1.42
06-12-1992,1.37
07-12-1992,1.36
08-12-1992,1.36
09-12-1992,1.36
10-12-1992,1.36
11-12-1992,1.37
12-12-1992,1.37
13-12-1992,1.35
14-12-1992,1.34
15-12-1992,1.34
16-12-1992,1.31
17-12-1992,1.26
18-12-1992,1.19
19-12-1992,1.13
20-12-1992,1.14
21-12-1992,1.14
22-12-1992,1.14
23-12-1992,1.13
24-12-1992,1.16
25-12-1992,1.18
26-12-1992,1.09
27-12-1992,1.07
28-12-1992,1.04
29-12-1992,1.0
30-12-1992,0.93
31-12-1992,0.9
01-06-1998,0.43
02-06-1998,0.37
03-06-1998,0.32
04-06-1998,0.32
05-06-1998,0.36
06-06-1998,0.39
07-06-1998,0.42
08-06-1998,0.47
09-06-1998,0.52
10-06-1998,0.53
11-06-1998,0.58
12-06-1998,0.63
13-06-1998,0.68
14-06-1998,0.69
15-06-1998,0.64
16-06-1998,0.57
17-06-1998,0.49
18-06-1998,0.47
19-06-1998,0.48
20-06-1998,0.5
21-06-1998,0.58
22-06-1998,0.63
23-06-1998,0.65
24-06-1998,0.63
25-06-1998,0.61
26-06-1998,0.64
27-06-1998,0.63
28-06-1998,0.61
29-06-1998,0.61
30-06-1998,0.54
01-07-1998,0.51
02-07-1998,0.48
03-07-1998,0.51
04-07-1998,0.58
05-07-1998,0.65
06-07-1998,0.75
07-07-1998,0.85
08-07-1998,0.98
09-07-1998,1.12
10-07-1998,1.29
11-07-1998,1.39
12-07-1998,1.42
13-07-1998,1.42
14-07-1998,1.44
15-07-1998,1.44
16-07-1998,1.45
17-07-1998,1.46
18-07-1998,1.45
19-07-1998,1.43
20-07-1998,1.41
21-07-1998,1.43
22-07-1998,1.43
23-07-1998,1.45
24-07-1998,1.45
25-07-1998,1.44
26-07-1998,1.41
27-07-1998,1.37
28-07-1998,1.34
29-07-1998,1.29
30-07-1998,1.27
31-07-1998,1.21
01-08-1998,1.14
02-08-1998,1.09
03-08-1998,1.04
04-08-1998,1.05
05-08-1998,1.06
06-08-1998,1.09
07-08-1998,1.16
08-08-1998,1.26
09-08-1998,1.34
10-08-1998,1.37
11-08-1998,1.38
12-08-1998,1.39
13-08-1998,1.4
14-08-1998,1.44
15-08-1998,1.46
16-08-1998,1.48
17-08-1998,1.49
18-08-1998,1.53
19-08-1998,1.57
20-08-1998,1.6
21-08-1998,1.63
22-08-1998,1.66
23-08-1998,1.68
24-08-1998,1.74
25-08-1998,1.81
26-08-1998,1.84
27-08-1998,1.81
28-08-1998,1.76
29-08-1998,1.72
30-08-1998,1.68
31-08-1998,1.64
01-09-1998,1.6
02-09-1998,1.6
03-09-1998,1.62
04-09-1998,1.65
05-09-1998,1.69
06-09-1998,1.74
07-09-1998,1.79
08-09-1998,1.82
09-09-1998,1.84
10-09-1998,1.83
11-09-1998,1.83
12-09-1998,1.84
13-09-1998,1.87
14-09-1998,1.9
15-09-1998,1.94
16-09-1998,1.98
17-09-1998,2.0
18-09-1998,2.04
19-09-1998,2.07
20-09-1998,2.12
21-09-1998,2.16
22-09-1998,2.2
23-09-1998,2.24
24-09-1998,2.28
25-09-1998,2.31
26-09-1998,2.33
27-09-1998,2.35
28-09-1998,2.36
29-09-1998,2.36
30-09-1998,2.35
01-10-1998,2.35
02-10-1998,2.37
03-10-1998,2.38
04-10-1998,2.41
05-10-1998,2.42
06-10-1998,2.44
07-10-1998,2.46
08-10-1998,2.48
09-10-1998,2.49
10-10-1998,2.49
11-10-1998,2.48
12-10-1998,2.46
13-10-1998,2.43
14-10-1998,2.41
15-10-1998,2.39
16-10-1998,2.36
17-10-1998,2.32
18-10-1998,2.3
19-10-1998,2.29
20-10-1998,2.29
21-10-1998,2.3
22-10-1998,2.28
23-10-1998,2.26
24-10-1998,2.24
25-10-1998,2.22
26-10-1998,2.18
27-10-1998,2.14
28-10-1998,2.11
29-10-1998,2.08
30-10-1998,2.04
31-10-1998,1.99
01-06-2000,1.3
02-06-2000,1.24
03-06-2000,1.14
04-06-2000,1.08
05-06-2000,1.15
06-06-2000,1.2
07-06-2000,1.22
08-06-2000,1.2
09-06-2000,1.14
10-06-2000,1.1
11-06-2000,1.08
12-06-2000,1.07
13-06-2000,1.08
14-06-2000,1.09
15-06-2000,1.0
16-06-2000,0.94
17-06-2000,0.9
18-06-2000,1.02
19-06-2000,1.27
20-06-2000,1.46
21-06-2000,1.55
22-06-2000,1.62
23-06-2000,1.64
24-06-2000,1.65
25-06-2000,1.67
26-06-2000,1.7
27-06-2000,1.77
28-06-2000,1.89
29-06-2000,2.03
30-06-2000,2.1
01-07-2000,2.18
02-07-2000,2.26
03-07-2000,2.27
04-07-2000,2.32
05-07-2000,2.3
06-07-2000,2.27
07-07-2000,2.26
08-07-2000,2.28
09-07-2000,2.31
10-07-2000,2.33
11-07-2000,2.35
12-07-2000,2.41
13-07-2000,2.42
14-07-2000,2.5
15-07-2000,2.65
16-07-2000,2.71
17-07-2000,2.78
18-07-2000,2.79
19-07-2000,2.86
20-07-2000,2.95
21-07-2000,3.02
22-07-2000,3.13
23-07-2000,3.22
24-07-2000,3.3
25-07-2000,3.39
26-07-2000,3.49
27-07-2000,3.56
28-07-2000,3.66
29-07-2000,3.68
30-07-2000,3.7
31-07-2000,3.73
01-08-2000,3.76
02-08-2000,3.76
03-08-2000,3.78
04-08-2000,3.77
05-08-2000,3.77
06-08-2000,3.77
07-08-2000,3.77
08-08-2000,3.76
09-08-2000,3.75
10-08-2000,3.76
11-08-2000,3.76
12-08-2000,3.73
13-08-2000,3.71
14-08-2000,3.7
15-08-2000,3.7
16-08-2000,3.69
17-08-2000,3.69
18-08-2000,3.69
19-08-2000,3.69
20-08-2000,3.71
21-08-2000,3.72
22-08-2000,3.72
23-08-2000,3.74
24-08-2000,3.78
25-08-2000,3.8
26-08-2000,3.82
27-08-2000,3.84
28-08-2000,3.85
29-08-2000,3.87
30-08-2000,3.87
31-08-2000,3.91
01-09-2000,3.95
02-09-2000,3.99
03-09-2000,4.02
04-09-2000,4.08
05-09-2000,4.14
06-09-2000,4.15
07-09-2000,4.24
08-09-2000,4.29
09-09-2000,4.34
10-09-2000,4.37
11-09-2000,4.39
12-09-2000,4.47
13-09-2000,4.53
14-09-2000,4.58
15-09-2000,4.62
16-09-2000,4.67
17-09-2000,4.72
18-09-2000,4.74
19-09-2000,4.74
20-09-2000,4.82
21-09-2000,4.84
22-09-2000,4.86
23-09-2000,4.89
24-09-2000,4.88
25-09-2000,4.87
26-09-2000,4.86
27-09-2000,4.83
28-09-2000,4.79
29-09-2000,4.76
30-09-2000,4.73
01-10-2000,4.7
02-10-2000,4.65
03-10-2000,4.61
04-10-2000,4.56
05-10-2000,4.54
06-10-2000,4.5
07-10-2000,4.44
08-10-2000,4.39
09-10-2000,4.35
10-10-2000,4.32
11-10-2000,4.29
12-10-2000,4.28
13-10-2000,4.27
14-10-2000,4.3
15-10-2000,4.29
16-10-2000,4.3
17-10-2000,4.31
18-10-2000,4.32
19-10-2000,4.35
20-10-2000,4.33
21-10-2000,4.33
22-10-2000,4.32
23-10-2000,4.31
24-10-2000,4.28
25-10-2000,4.26
26-10-2000,4.23
27-10-2000,4.2
28-10-2000,4.15
29-10-2000,4.12
30-10-2000,4.1
31-10-2000,4.06
01-01-2003,1.04
02-01-2003,1.02
03-01-2003,1.05
04-01-2003,1.15
05-01-2003,1.12
06-01-2003,1.15
07-01-2003,1.25
08-01-2003,1.22
09-01-2003,1.16
10-01-2003,1.08
11-01-2003,0.94
12-01-2003,0.84
13-01-2003,0.79
14-01-2003,0.78
15-01-2003,0.75
16-01-2003,0.75
17-01-2003,0.76
18-01-2003,0.89
19-01-2003,0.97
20-01-2003,1.1
21-01-2003,1.24
22-01-2003,1.43
23-01-2003,1.41
24-01-2003,1.23
25-01-2003,1.04
26-01-2003,0.8
27-01-2003,0.65
28-01-2003,0.64
29-01-2003,0.66
30-01-2003,0.65
31-01-2003,0.67
01-02-2003,0.68
02-02-2003,0.63
03-02-2003,0.65
04-02-2003,0.83
05-02-2003,0.96
06-02-2003,1.06
07-02-2003,1.04
08-02-2003,1.04
09-02-2003,0.9
10-02-2003,0.68
11-02-2003,0.53
12-02-2003,0.48
13-02-2003,0.49
14-02-2003,0.55
15-02-2003,0.61
16-02-2003,0.65
17-02-2003,0.76
18-02-2003,0.9
19-02-2003,1.11
20-02-2003,1.1
21-02-2003,1.01
22-02-2003,0.79
23-02-2003,0.5
24-02-2003,0.21
25-02-2003,0.16
26-02-2003,0.13
27-02-2003,0.15
28-02-2003,0.26
01-03-2003,0.26
02-03-2003,0.24
03-03-2003,0.26
04-03-2003,0.27
05-03-2003,0.56
06-03-2003,0.86
07-03-2003,0.97
08-03-2003,1.06
09-03-2003,0.92
10-03-2003,0.74
11-03-2003,0.43
12-03-2003,0.21
13-03-2003,0.22
14-03-2003,0.18
15-03-2003,0.18
16-03-2003,0.36
17-03-2003,0.46
18-03-2003,0.42
19-03-2003,0.58
20-03-2003,0.8
21-03-2003,0.82
22-03-2003,0.74
23-03-2003,0.57
24-03-2003,0.33
25-03-2003,0.01
26-03-2003,0.0
27-03-2003,0.0
28-03-2003,0.0
29-03-2003,0.0
30-03-2003,0.07
31-03-2003,0.09
01-04-2003,0.08
02-04-2003,0.11
03-04-2003,0.25
04-04-2003,0.62
05-04-2003,0.7
06-04-2003,0.68
07-04-2003,0.58
08-04-2003,0.32
09-04-2003,0.0
10-04-2003,0.0
11-04-2003,0.0
12-04-2003,0.08
13-04-2003,0.14
14-04-2003,0.18
15-04-2003,0.18
16-04-2003,0.16
17-04-2003,0.42
18-04-2003,0.59
19-04-2003,0.56
20-04-2003,0.46
21-04-2003,0.34
22-04-2003,0.14
23-04-2003,0.0
24-04-2003,0.0
25-04-2003,0.0
26-04-2003,0.0
27-04-2003,0.0
28-04-2003,0.0
29-04-2003,0.06
30-04-2003,0.15
01-05-2003,0.18
02-05-2003,0.3
03-05-2003,0.61
04-05-2003,0.69
05-05-2003,0.7
06-05-2003,0.61
07-05-2003,0.52
08-05-2003,0.03
09-05-2003,0.04
10-05-2003,0.02
11-05-2003,0.09
12-05-2003,0.1
13-05-2003,0.02
14-05-2003,0.01
15-05-2003,0.08
16-05-2003,0.45
17-05-2003,0.52
18-05-2003,0.62
19-05-2003,0.56
20-05-2003,0.47
21-05-2003,0.17
22-05-2003,0.0
23-05-2003,0.0
24-05-2003,0.0
25-05-2003,0.0
26-05-2003,0.0
27-05-2003,0.0
28-05-2003,0.0
29-05-2003,0.0
30-05-2003,0.01
31-05-2003,0.23
01-11-2003,2.6
02-11-2003,2.53
03-11-2003,2.47
04-11-2003,2.42
05-11-2003,2.37
06-11-2003,2.3
07-11-2003,2.24
08-11-2003,2.14
09-11-2003,2.15
10-11-2003,2.08
11-11-2003,2.04
12-11-2003,2.02
13-11-2003,1.99
14-11-2003,1.93
15-11-2003,1.92
16-11-2003,1.9
17-11-2003,1.86
18-11-2003,1.85
19-11-2003,1.87
20-11-2003,1.9
21-11-2003,1.9
22-11-2003,1.9
23-11-2003,1.85
24-11-2003,1.92
25-11-2003,1.88
26-11-2003,1.85
27-11-2003,1.78
28-11-2003,1.75
29-11-2003,1.69
30-11-2003,1.68
01-12-2003,1.68
02-12-2003,1.65
03-12-2003,1.62
04-12-2003,1.59
05-12-2003,1.54
06-12-2003,1.53
07-12-2003,1.46
08-12-2003,1.58
09-12-2003,1.49
10-12-2003,1.48
11-12-2003,1.45
12-12-2003,1.43
13-12-2003,1.38
14-12-2003,1.32
15-12-2003,1.25
16-12-2003,1.21
17-12-2003,1.22
18-12-2003,1.2
19-12-2003,1.26
20-12-2003,1.35
21-12-2003,1.45
22-12-2003,1.48
23-12-2003,1.56
24-12-2003,1.56
25-12-2003,1.51
26-12-2003,1.33
27-12-2003,1.18
28-12-2003,1.14
29-12-2003,1.08
30-12-2003,1.03
31-12-2003,1.05
01-01-2006,1.31
02-01-2006,1.43
03-01-2006,1.54
04-01-2006,1.54
05-01-2006,1.54
06-01-2006,1.38
07-01-2006,1.22
08-01-2006,1.09
09-01-2006,1.02
10-01-2006,0.96
11-01-2006,0.92
12-01-2006,0.9
13-01-2006,0.9
14-01-2006,0.9
15-01-2006,0.92
16-01-2006,1.0
17-01-2006,1.07
18-01-2006,1.27
19-01-2006,1.36
20-01-2006,1.42
21-01-2006,1.32
22-01-2006,1.13
23-01-2006,0.8
24-01-2006,0.69
25-01-2006,0.71
26-01-2006,0.74
27-01-2006,0.73
28-01-2006,0.8
29-01-2006,0.92
30-01-2006,1.08
31-01-2006,1.08
01-02-2006,1.3
02-02-2006,1.32
03-02-2006,1.22
04-02-2006,1.05
05-02-2006,0.82
06-02-2006,0.57
07-02-2006,0.46
08-02-2006,0.39
09-02-2006,0.37
10-02-2006,0.32
11-02-2006,0.4
12-02-2006,0.44
13-02-2006,0.52
14-02-2006,0.53
15-02-2006,0.6
16-02-2006,0.9
17-02-2006,1.08
18-02-2006,1.05
19-02-2006,0.94
20-02-2006,0.67
21-02-2006,0.14
22-02-2006,0.12
23-02-2006,0.16
24-02-2006,0.22
25-02-2006,0.32
26-02-2006,0.38
27-02-2006,0.52
28-02-2006,0.66
01-03-2006,0.78
02-03-2006,0.94
03-03-2006,0.95
04-03-2006,0.52
05-03-2006,0.74
06-03-2006,0.46
07-03-2006,0.12
08-03-2006,0.05
09-03-2006,0.05
10-03-2006,0.13
11-03-2006,0.24
12-03-2006,0.31
13-03-2006,0.36
14-03-2006,0.38
15-03-2006,0.37
16-03-2006,0.49
17-03-2006,0.83
18-03-2006,0.94
19-03-2006,0.98
20-03-2006,0.98
21-03-2006,0.68
22-03-2006,0.26
23-03-2006,0.2
24-03-2006,0.24
25-03-2006,0.27
26-03-2006,0.29
27-03-2006,0.34
28-03-2006,0.32
29-03-2006,0.33
30-03-2006,0.63
31-03-2006,0.79
01-04-2006,0.68
02-04-2006,0.62
03-04-2006,0.49
04-04-2006,0.28
05-04-2006,0.2
06-04-2006,0.0
07-04-2006,0.03
08-04-2006,0.07
09-04-2006,0.12
10-04-2006,0.15
11-04-2006,0.22
12-04-2006,0.32
13-04-2006,0.32
14-04-2006,0.47
15-04-2006,0.82
16-04-2006,0.85
17-04-2006,0.78
18-04-2006,0.63
19-04-2006,0.27
20-04-2006,0.0
21-04-2006,0.0
22-04-2006,0.0
23-04-2006,0.0
24-04-2006,0.06
25-04-2006,0.05
26-04-2006,0.03
27-04-2006,0.29
28-04-2006,0.61
29-04-2006,0.74
30-04-2006,0.78
01-05-2006,0.77
02-05-2006,0.68
03-05-2006,0.53
04-05-2006,0.25
05-05-2006,0.0
06-05-2006,0.0
07-05-2006,0.0
08-05-2006,0.0
09-05-2006,0.0
10-05-2006,0.0
11-05-2006,0.03
12-05-2006,0.17
13-05-2006,0.39
14-05-2006,0.83
15-05-2006,1.08
16-05-2006,1.17
17-05-2006,1.05
18-05-2006,0.61
19-05-2006,0.26
20-05-2006,0.2
21-05-2006,0.18
22-05-2006,0.12
23-05-2006,0.05
24-05-2006,0.0
25-05-2006,0.0
26-05-2006,0.02
27-05-2006,0.27
28-05-2006,0.54
29-05-2006,0.6
30-05-2006,0.56
31-05-2006,0.5
01-06-2006,0.0
02-06-2006,0.0
03-06-2006,0.0
04-06-2006,0.04
05-06-2006,0.02
06-06-2006,0.1
07-06-2006,0.29
08-06-2006,0.59
09-06-2006,0.56
10-06-2006,0.56
11-06-2006,0.43
12-06-2006,0.15
13-06-2006,0.0
14-06-2006,0.0
15-06-2006,0.0
16-06-2006,0.01
17-06-2006,0.06
18-06-2006,0.08
19-06-2006,0.13
20-06-2006,0.26
21-06-2006,0.46
22-06-2006,0.76
23-06-2006,0.87
24-06-2006,0.8
25-06-2006,0.66
26-06-2006,0.37
27-06-2006,0.0
28-06-2006,0.0
29-06-2006,0.05
30-06-2006,0.02
01-07-2006,0.1
02-07-2006,0.03
03-07-2006,0.03
04-07-2006,0.19
05-07-2006,0.43
06-07-2006,0.81
07-07-2006,1.09
08-07-2006,1.3
09-07-2006,1.32
10-07-2006,1.26
11-07-2006,1.05
12-07-2006,0.92
13-07-2006,0.91
14-07-2006,0.99
15-07-2006,1.04
16-07-2006,1.02
17-07-2006,1.08
18-07-2006,1.12
19-07-2006,1.18
20-07-2006,1.28
21-07-2006,1.32
22-07-2006,1.41
23-07-2006,1.41
24-07-2006,1.3
25-07-2006,1.31
26-07-2006,1.41
27-07-2006,1.49
28-07-2006,1.56
29-07-2006,1.6
30-07-2006,1.65
31-07-2006,1.67
01-08-2006,1.72
02-08-2006,1.77
03-08-2006,1.81
04-08-2006,1.84
05-08-2006,1.9
06-08-2006,1.99
07-08-2006,2.06
08-08-2006,2.07
09-08-2006,2.06
10-08-2006,2.05
11-08-2006,2.07
12-08-2006,2.1
13-08-2006,2.17
14-08-2006,2.24
15-08-2006,2.35
16-08-2006,2.42
17-08-2006,2.49
18-08-2006,2.55
19-08-2006,2.62
20-08-2006,2.7
21-08-2006,2.75
22-08-2006,2.79
23-08-2006,2.83
24-08-2006,2.86
25-08-2006,2.88
26-08-2006,2.92
27-08-2006,2.95
28-08-2006,3.0
29-08-2006,3.03
30-08-2006,3.09
31-08-2006,3.12
01-09-2006,3.16
02-09-2006,3.18
03-09-2006,3.2
04-09-2006,3.24
05-09-2006,3.26
06-09-2006,3.28
07-09-2006,3.29
08-09-2006,3.3
09-09-2006,3.28
10-09-2006,3.31
11-09-2006,3.32
12-09-2006,3.32
13-09-2006,3.32
14-09-2006,3.3
15-09-2006,3.29
16-09-2006,3.25
17-09-2006,3.24
18-09-2006,3.22
19-09-2006,3.2
20-09-2006,3.19
21-09-2006,3.18
22-09-2006,3.19
23-09-2006,3.2
24-09-2006,3.23
25-09-2006,3.22
26-09-2006,3.24
27-09-2006,3.24
28-09-2006,3.23
29-09-2006,3.21
30-09-2006,3.2
01-10-2006,3.2
02-10-2006,3.2
03-10-2006,3.22
04-10-2006,3.27
05-10-2006,3.31
06-10-2006,3.34
07-10-2006,3.37
08-10-2006,3.4
09-10-2006,3.42
10-10-2006,3.45
11-10-2006,3.5
12-10-2006,3.5
13-10-2006,3.54
14-10-2006,3.59
15-10-2006,3.62
16-10-2006,3.64
17-10-2006,3.67
18-10-2006,3.68
19-10-2006,3.7
20-10-2006,3.7
21-10-2006,3.71
22-10-2006,3.7
23-10-2006,3.7
24-10-2006,3.69
25-10-2006,3.67
26-10-2006,3.65
27-10-2006,3.6
28-10-2006,3.57
29-10-2006,3.52
30-10-2006,3.45
31-10-2006,3.4
01-11-2006,3.34
02-11-2006,3.29
03-11-2006,3.25
04-11-2006,3.22
05-11-2006,3.17
06-11-2006,3.1
07-11-2006,3.03
08-11-2006,2.96
09-11-2006,2.89
10-11-2006,2.83
11-11-2006,2.77
12-11-2006,2.69
13-11-2006,2.62
14-11-2006,2.54
15-11-2006,2.48
16-11-2006,2.45
17-11-2006,2.39
18-11-2006,2.36
19-11-2006,2.31
20-11-2006,2.28
21-11-2006,2.24
22-11-2006,2.19
23-11-2006,2.13
24-11-2006,2.07
25-11-2006,2.01
26-11-2006,1.96
27-11-2006,1.91
28-11-2006,1.88
29-11-2006,1.84
30-11-2006,1.84
01-12-2006,1.82
02-12-2006,1.84
03-12-2006,1.88
04-12-2006,1.89
05-12-2006,1.9
06-12-2006,1.86
07-12-2006,1.85
08-12-2006,1.77
09-12-2006,1.64
10-12-2006,1.57
11-12-2006,1.56
12-12-2006,1.51
13-12-2006,1.45
14-12-2006,1.43
15-12-2006,1.47
16-12-2006,1.53
17-12-2006,1.51
18-12-2006,1.61
19-12-2006,1.63
20-12-2006,1.69
21-12-2006,1.72
22-12-2006,1.75
23-12-2006,1.64
24-12-2006,1.44
25-12-2006,1.33
26-12-2006,1.26
27-12-2006,1.25
28-12-2006,1.23
29-12-2006,1.21
30-12-2006,1.2
31-12-2006,1.24
01-01-2007,1.22
02-01-2007,1.19
03-01-2007,1.15
04-01-2007,1.1
05-01-2007,1.2
06-01-2007,1.3
07-01-2007,1.34
08-01-2007,1.41
09-01-2007,1.4
10-01-2007,1.38
11-01-2007,1.18
12-01-2007,0.92
13-01-2007,0.74
14-01-2007,0.74
15-01-2007,0.76
16-01-2007,0.8
17-01-2007,0.9
18-01-2007,1.0
19-01-2007,1.12
20-01-2007,1.2
21-01-2007,1.35
22-01-2007,1.52
23-01-2007,1.58
24-01-2007,1.38
25-01-2007,1.18
26-01-2007,0.91
27-01-2007,0.8
28-01-2007,0.77
29-01-2007,0.68
30-01-2007,0.67
31-01-2007,0.67
01-02-2007,0.74
02-02-2007,0.83
03-02-2007,0.93
04-02-2007,1.1
05-02-2007,1.17
06-02-2007,1.26
07-02-2007,1.37
08-02-2007,1.36
09-02-2007,1.25
10-02-2007,1.0
11-02-2007,0.57
12-02-2007,0.46
13-02-2007,0.48
14-02-2007,0.57
15-02-2007,0.64
16-02-2007,0.74
17-02-2007,0.86
18-02-2007,0.98
19-02-2007,1.12
20-02-2007,1.3
21-02-2007,1.3
22-02-2007,1.2
23-02-2007,0.98
24-02-2007,0.62
25-02-2007,0.52
26-02-2007,0.28
27-02-2007,0.25
28-02-2007,0.4
01-03-2007,0.47
02-03-2007,0.59
03-03-2007,0.7
04-03-2007,0.74
05-03-2007,0.88
06-03-2007,1.11
07-03-2007,1.1
08-03-2007,1.07
09-03-2007,1.03
10-03-2007,0.74
11-03-2007,0.25
12-03-2007,0.21
13-03-2007,0.25
14-03-2007,0.27
15-03-2007,0.33
16-03-2007,0.42
17-03-2007,0.42
18-03-2007,0.51
19-03-2007,0.83
20-03-2007,0.94
21-03-2007,0.91
22-03-2007,0.82
23-03-2007,0.61
24-03-2007,0.24
25-03-2007,0.05
26-03-2007,0.01
27-03-2007,0.0
28-03-2007,0.02
29-03-2007,0.03
30-03-2007,0.0
31-03-2007,0.04
01-04-2007,0.03
02-04-2007,0.14
03-04-2007,0.49
04-04-2007,0.86
05-04-2007,0.96
06-04-2007,0.94
07-04-2007,0.77
08-04-2007,0.41
09-04-2007,0.0
10-04-2007,0.0
11-04-2007,0.0
12-04-2007,0.06
13-04-2007,0.12
14-04-2007,0.14
15-04-2007,0.29
16-04-2007,0.42
17-04-2007,0.74
18-04-2007,0.82
19-04-2007,0.82
20-04-2007,0.76
21-04-2007,0.62
22-04-2007,0.36
23-04-2007,0.04
24-04-2007,0.0
25-04-2007,0.07
26-04-2007,0.03
27-04-2007,0.03
28-04-2007,0.08
29-04-2007,0.17
30-04-2007,0.19
01-05-2007,0.21
02-05-2007,0.47
03-05-2007,0.79
04-05-2007,0.81
05-05-2007,0.73
06-05-2007,0.6
07-05-2007,0.26
08-05-2007,0.0
09-05-2007,0.0
10-05-2007,0.0
11-05-2007,0.0
12-05-2007,0.03
13-05-2007,0.03
14-05-2007,0.19
15-05-2007,0.56
16-05-2007,0.92
17-05-2007,1.06
18-05-2007,1.04
19-05-2007,0.95
20-05-2007,0.75
21-05-2007,0.46
22-05-2007,0.21
23-05-2007,0.15
24-05-2007,0.2
25-05-2007,0.26
26-05-2007,0.33
27-05-2007,0.32
28-05-2007,0.28
29-05-2007,0.26
30-05-2007,0.32
31-05-2007,0.58
01-06-2007,0.34
02-06-2007,0.09
03-06-2007,0.0
04-06-2007,0.0
05-06-2007,0.07
06-06-2007,0.11
07-06-2007,0.14
08-06-2007,0.14
09-06-2007,0.16
10-06-2007,0.25
11-06-2007,0.49
12-06-2007,0.84
13-06-2007,0.91
14-06-2007,0.87
15-06-2007,0.64
16-06-2007,0.16
17-06-2007,0.04
18-06-2007,0.07
19-06-2007,0.1
20-06-2007,0.13
21-06-2007,0.14
22-06-2007,0.26
23-06-2007,0.31
24-06-2007,0.37
25-06-2007,0.46
26-06-2007,0.83
27-06-2007,0.86
28-06-2007,0.8
29-06-2007,0.59
30-06-2007,0.25
01-07-2007,0.13
02-07-2007,0.0
03-07-2007,0.05
04-07-2007,0.3
05-07-2007,0.6
06-07-2007,0.73
07-07-2007,0.88
08-07-2007,1.02
09-07-2007,1.08
10-07-2007,1.2
11-07-2007,1.3
12-07-2007,1.3
13-07-2007,1.23
14-07-2007,1.02
15-07-2007,0.8
16-07-2007,0.67
17-07-2007,0.71
18-07-2007,0.79
19-07-2007,0.85
20-07-2007,0.86
21-07-2007,0.81
22-07-2007,0.76
23-07-2007,0.82
24-07-2007,0.87
25-07-2007,1.0
26-07-2007,1.15
27-07-2007,1.19
28-07-2007,1.18
29-07-2007,0.98
30-07-2007,0.83
31-07-2007,0.67
01-08-2007,0.58
02-08-2007,0.64
03-08-2007,0.7
04-08-2007,0.78
05-08-2007,0.87
06-08-2007,1.05
07-08-2007,1.26
08-08-2007,1.5
09-08-2007,1.74
10-08-2007,1.91
11-08-2007,1.92
12-08-2007,1.91
13-08-2007,1.89
14-08-2007,1.87
15-08-2007,1.87
16-08-2007,1.87
17-08-2007,1.88
18-08-2007,1.91
19-08-2007,1.94
20-08-2007,1.98
21-08-2007,2.04
22-08-2007,2.09
23-08-2007,2.13
24-08-2007,2.18
25-08-2007,2.22
26-08-2007,2.1
27-08-2007,2.25
28-08-2007,2.25
29-08-2007,2.26
30-08-2007,2.26
31-08-2007,2.27
01-09-2007,2.29
02-09-2007,2.3
03-09-2007,2.32
04-09-2007,2.33
05-09-2007,2.32
06-09-2007,2.34
07-09-2007,2.37
08-09-2007,2.39
09-09-2007,2.37
10-09-2007,2.37
11-09-2007,2.35
12-09-2007,2.35
13-09-2007,2.37
14-09-2007,2.38
15-09-2007,2.41
16-09-2007,2.43
17-09-2007,2.44
18-09-2007,2.45
19-09-2007,2.46
20-09-2007,2.49
21-09-2007,2.52
22-09-2007,2.57
23-09-2007,2.64
24-09-2007,2.69
25-09-2007,2.74
26-09-2007,2.75
27-09-2007,2.78
28-09-2007,2.79
29-09-2007,2.78
30-09-2007,2.78
01-10-2007,2.78
02-10-2007,2.79
03-10-2007,2.8
04-10-2007,2.79
05-10-2007,2.8
06-10-2007,2.82
07-10-2007,2.86
08-10-2007,2.9
09-10-2007,2.93
10-10-2007,2.96
11-10-2007,2.97
12-10-2007,3.06
13-10-2007,3.11
14-10-2007,3.15
15-10-2007,3.23
16-10-2007,3.29
17-10-2007,3.34
18-10-2007,3.42
19-10-2007,3.46
20-10-2007,3.48
21-10-2007,3.49
22-10-2007,3.51
23-10-2007,3.54
24-10-2007,3.56
25-10-2007,3.56
26-10-2007,3.54
27-10-2007,3.52
28-10-2007,3.48
29-10-2007,3.45
30-10-2007,3.4
31-10-2007,3.32
01-11-2007,3.25
02-11-2007,3.21
03-11-2007,3.17
04-11-2007,3.11
05-11-2007,3.07
06-11-2007,3.05
07-11-2007,2.99
08-11-2007,2.97
09-11-2007,2.94
10-11-2007,2.88
11-11-2007,2.84
12-11-2007,2.8
13-11-2007,2.75
14-11-2007,2.71
15-11-2007,2.69
16-11-2007,2.68
17-11-2007,2.63
18-11-2007,2.58
19-11-2007,2.57
20-11-2007,2.54
21-11-2007,2.52
22-11-2007,2.5
23-11-2007,2.46
24-11-2007,2.46
25-11-2007,2.47
26-11-2007,2.46
27-11-2007,2.41
28-11-2007,2.34
29-11-2007,2.28
30-11-2007,2.22
01-12-2007,2.15
02-12-2007,2.08
03-12-2007,2.02
04-12-2007,1.99
05-12-2007,1.95
06-12-2007,1.91
07-12-2007,1.89
08-12-2007,1.9
09-12-2007,1.87
10-12-2007,1.86
11-12-2007,1.82
12-12-2007,1.73
13-12-2007,1.7
14-12-2007,1.62
15-12-2007,1.57
16-12-2007,1.49
17-12-2007,1.46
18-12-2007,1.45
19-12-2007,1.45
20-12-2007,1.46
21-12-2007,1.51
22-12-2007,1.5
23-12-2007,1.58
24-12-2007,1.68
25-12-2007,1.74
26-12-2007,1.68
27-12-2007,1.48
28-12-2007,1.26
29-12-2007,1.18
30-12-2007,1.14
31-12-2007,1.19
01-01-2008,1.35
02-01-2008,1.33
03-01-2008,1.31
04-01-2008,1.24
05-01-2008,1.21
06-01-2008,1.22
07-01-2008,1.25
08-01-2008,1.3
09-01-2008,1.43
10-01-2008,1.58
11-01-2008,1.71
12-01-2008,1.75
13-01-2008,1.67
14-01-2008,1.48
15-01-2008,1.15
16-01-2008,1.01
17-01-2008,0.98
18-01-2008,0.98
19-01-2008,0.96
20-01-2008,0.94
21-01-2008,0.92
22-01-2008,0.91
23-01-2008,1.01
24-01-2008,1.19
25-01-2008,1.42
26-01-2008,1.42
27-01-2008,1.3
28-01-2008,1.28
29-01-2008,1.13
30-01-2008,0.85
31-01-2008,0.67
01-02-2008,0.65
02-02-2008,0.61
03-02-2008,0.6
04-02-2008,0.64
05-02-2008,0.76
06-02-2008,0.9
07-02-2008,1.08
08-02-2008,1.28
09-02-2008,1.42
10-02-2008,1.44
11-02-2008,1.32
12-02-2008,1.05
13-02-2008,0.5
14-02-2008,0.37
15-02-2008,0.0
16-02-2008,0.32
17-02-2008,0.34
18-02-2008,0.41
19-02-2008,0.51
20-02-2008,0.55
21-02-2008,0.71
22-02-2008,0.9
23-02-2008,1.0
24-02-2008,1.08
25-02-2008,1.05
26-02-2008,0.93
27-02-2008,0.75
28-02-2008,0.4
01-03-2008,0.19
02-03-2008,0.22
03-03-2008,0.5
04-03-2008,0.38
05-03-2008,0.4
06-03-2008,0.52
07-03-2008,0.62
08-03-2008,0.62
09-03-2008,1.1
10-03-2008,1.19
11-03-2008,1.16
12-03-2008,0.97
13-03-2008,0.65
14-03-2008,0.12
15-03-2008,0.14
16-03-2008,0.2
17-03-2008,0.2
18-03-2008,0.21
19-03-2008,0.23
20-03-2008,0.24
21-03-2008,0.0
22-03-2008,0.0
23-03-2008,0.0
24-03-2008,0.69
25-03-2008,0.77
26-03-2008,0.78
27-03-2008,0.74
28-03-2008,0.57
29-03-2008,0.15
30-03-2008,0.04
31-03-2008,0.0
01-04-2008,0.0
02-04-2008,0.35
03-04-2008,0.41
04-04-2008,0.47
05-04-2008,0.5
06-04-2008,0.74
07-04-2008,1.09
08-04-2008,1.12
09-04-2008,1.08
10-04-2008,0.96
11-04-2008,0.74
12-04-2008,0.0
13-04-2008,0.0
14-04-2008,0.0
15-04-2008,0.0
16-04-2008,0.1
17-04-2008,0.06
18-04-2008,0.13
19-04-2008,0.17
20-04-2008,0.16
21-04-2008,0.2
22-04-2008,0.58
23-04-2008,0.72
24-04-2008,0.69
25-04-2008,0.64
26-04-2008,0.0
27-04-2008,0.14
28-04-2008,0.16
29-04-2008,0.05
30-04-2008,0.05
01-05-2008,0.2
02-05-2008,0.29
03-05-2008,0.33
04-05-2008,0.0
05-05-2008,0.73
06-05-2008,1.0
07-05-2008,1.0
08-05-2008,0.91
09-05-2008,0.75
10-05-2008,0.55
11-05-2008,0.06
12-05-2008,0.0
13-05-2008,0.0
14-05-2008,0.0
15-05-2008,0.03
16-05-2008,0.08
17-05-2008,0.07
18-05-2008,0.07
19-05-2008,0.19
20-05-2008,0.38
21-05-2008,0.68
22-05-2008,0.85
23-05-2008,0.82
24-05-2008,0.76
25-05-2008,0.6
26-05-2008,0.2
27-05-2008,0.18
28-05-2008,0.38
29-05-2008,0.52
30-05-2008,0.56
31-05-2008,0.48
01-06-2008,0.9
02-06-2008,1.04
03-06-2008,0.97
04-06-2008,0.79
05-06-2008,0.38
06-06-2008,0.27
07-06-2008,0.36
08-06-2008,0.41
09-06-2008,0.5
10-06-2008,0.53
11-06-2008,0.59
12-06-2008,0.66
13-06-2008,0.77
14-06-2008,0.89
15-06-2008,1.05
16-06-2008,1.09
17-06-2008,1.04
18-06-2008,0.89
19-06-2008,0.75
20-06-2008,0.62
21-06-2008,0.67
22-06-2008,0.77
23-06-2008,0.86
24-06-2008,0.97
25-06-2008,1.02
26-06-2008,1.02
27-06-2008,1.03
28-06-2008,1.04
29-06-2008,1.12
30-06-2008,1.29
01-07-2008,1.39
02-07-2008,1.31
03-07-2008,1.13
04-07-2008,0.82
05-07-2008,0.74
06-07-2008,0.81
07-07-2008,0.88
08-07-2008,0.9
09-07-2008,0.92
10-07-2008,0.95
11-07-2008,0.98
12-07-2008,1.05
13-07-2008,1.22
14-07-2008,1.35
15-07-2008,1.39
16-07-2008,1.39
17-07-2008,1.32
18-07-2008,1.26
19-07-2008,1.22
20-07-2008,1.18
21-07-2008,1.2
22-07-2008,1.24
23-07-2008,1.28
24-07-2008,1.31
25-07-2008,1.37
26-07-2008,1.42
27-07-2008,1.44
28-07-2008,1.52
29-07-2008,1.65
30-07-2008,1.75
31-07-2008,1.74
01-08-2008,1.7
02-08-2008,1.62
03-08-2008,1.59
04-08-2008,1.62
05-08-2008,1.69
06-08-2008,1.75
07-08-2008,1.83
08-08-2008,1.93
09-08-2008,1.99
10-08-2008,2.05
11-08-2008,2.12
12-08-2008,2.18
13-08-2008,2.25
14-08-2008,2.31
15-08-2008,2.34
16-08-2008,2.38
17-08-2008,2.4
18-08-2008,2.44
19-08-2008,2.5
20-08-2008,2.56
21-08-2008,2.63
22-08-2008,2.67
23-08-2008,2.72
24-08-2008,2.74
25-08-2008,2.76
26-08-2008,2.78
27-08-2008,2.82
28-08-2008,2.86
29-08-2008,2.85
30-08-2008,2.85
31-08-2008,2.83
01-09-2008,2.81
02-09-2008,2.82
03-09-2008,2.82
04-09-2008,2.8
05-09-2008,2.81
06-09-2008,2.8
07-09-2008,2.76
08-09-2008,2.74
09-09-2008,2.73
10-09-2008,2.77
11-09-2008,2.8
12-09-2008,2.8
13-09-2008,2.82
14-09-2008,2.83
15-09-2008,2.84
16-09-2008,2.83
17-09-2008,2.82
18-09-2008,2.84
19-09-2008,2.88
20-09-2008,2.9
21-09-2008,2.91
22-09-2008,2.92
23-09-2008,2.93
24-09-2008,2.94
25-09-2008,2.99
26-09-2008,3.02
27-09-2008,3.06
28-09-2008,3.1
29-09-2008,3.12
30-09-2008,3.13
01-10-2008,3.14
02-10-2008,3.14
03-10-2008,3.14
04-10-2008,3.13
05-10-2008,3.11
06-10-2008,3.1
07-10-2008,3.1
08-10-2008,3.11
09-10-2008,3.09
10-10-2008,3.12
11-10-2008,3.12
12-10-2008,3.13
13-10-2008,3.14
14-10-2008,3.14
15-10-2008,3.13
16-10-2008,3.14
17-10-2008,3.12
18-10-2008,3.1
19-10-2008,3.06
20-10-2008,3.06
21-10-2008,3.04
22-10-2008,3.04
23-10-2008,2.99
24-10-2008,3.01
25-10-2008,2.98
26-10-2008,2.96
27-10-2008,2.92
28-10-2008,2.9
29-10-2008,2.86
30-10-2008,2.84
31-10-2008,2.78
01-11-2008,2.73
02-11-2008,2.69
03-11-2008,2.64
04-11-2008,2.64
05-11-2008,2.64
06-11-2008,2.63
07-11-2008,2.63
08-11-2008,2.62
09-11-2008,2.64
10-11-2008,2.69
11-11-2008,2.71
12-11-2008,2.74
13-11-2008,2.75
14-11-2008,2.73
15-11-2008,2.71
16-11-2008,2.71
17-11-2008,2.67
18-11-2008,2.63
19-11-2008,2.6
20-11-2008,2.59
21-11-2008,2.55
22-11-2008,2.51
23-11-2008,2.5
24-11-2008,2.48
25-11-2008,2.47
26-11-2008,2.45
27-11-2008,2.4
28-11-2008,2.37
29-11-2008,2.34
30-11-2008,2.28
01-12-2008,2.25
02-12-2008,2.18
03-12-2008,2.12
04-12-2008,2.06
05-12-2008,2.02
06-12-2008,2.0
07-12-2008,2.03
08-12-2008,2.0
09-12-2008,1.95
10-12-2008,1.95
11-12-2008,1.98
12-12-2008,2.04
13-12-2008,2.04
14-12-2008,2.05
15-12-2008,2.01
16-12-2008,1.84
17-12-2008,1.72
18-12-2008,1.65
19-12-2008,1.63
20-12-2008,1.59
21-12-2008,1.56
22-12-2008,1.56
23-12-2008,1.6
24-12-2008,1.58
25-12-2008,1.52
26-12-2008,1.56
27-12-2008,1.64
28-12-2008,1.58
29-12-2008,1.54
30-12-2008,1.48
31-12-2008,1.38
01-01-2009,0.0
02-01-2009,1.7
03-01-2009,1.56
04-01-2009,1.25
05-01-2009,0.97
06-01-2009,0.89
07-01-2009,0.86
08-01-2009,0.93
09-01-2009,0.0
10-01-2009,0.99
11-01-2009,0.99
12-01-2009,1.05
13-01-2009,1.34
14-01-2009,1.43
15-01-2009,1.48
16-01-2009,1.45
17-01-2009,1.3
18-01-2009,1.18
19-01-2009,0.92
20-01-2009,0.61
21-01-2009,0.52
22-01-2009,0.53
23-01-2009,0.56
24-01-2009,0.61
25-01-2009,0.66
26-01-2009,0.8
27-01-2009,1.0
28-01-2009,1.06
29-01-2009,1.19
30-01-2009,1.51
31-01-2009,1.45
01-02-2009,1.26
02-02-2009,0.92
03-02-2009,0.72
04-02-2009,0.42
05-02-2009,0.41
06-02-2009,0.44
07-02-2009,0.45
08-02-2009,0.53
09-02-2009,0.56
10-02-2009,0.61
11-02-2009,0.75
12-02-2009,0.96
13-02-2009,1.04
14-02-2009,1.02
15-02-2009,1.02
16-02-2009,0.84
17-02-2009,0.66
18-02-2009,0.47
19-02-2009,0.36
20-02-2009,0.33
21-02-2009,0.36
22-02-2009,0.32
23-02-2009,0.34
24-02-2009,0.43
25-02-2009,0.54
26-02-2009,0.62
27-02-2009,0.98
28-02-2009,1.09
01-03-2009,1.04
02-03-2009,0.86
03-03-2009,0.46
04-03-2009,0.0
05-03-2009,0.0
06-03-2009,0.0
07-03-2009,0.03
08-03-2009,0.04
09-03-2009,0.14
10-03-2009,0.37
11-03-2009,0.79
12-03-2009,0.92
13-03-2009,0.98
14-03-2009,1.01
15-03-2009,0.94
16-03-2009,0.85
17-03-2009,0.8
18-03-2009,0.65
19-03-2009,0.35
20-03-2009,0.0
21-03-2009,0.0
22-03-2009,0.0
23-03-2009,0.0
24-03-2009,0.1
25-03-2009,0.15
26-03-2009,0.37
27-03-2009,0.69
28-03-2009,1.12
29-03-2009,1.24
30-03-2009,1.2
31-03-2009,0.99
01-04-2009,0.62
02-04-2009,0.0
03-04-2009,0.0
04-04-2009,0.0
05-04-2009,0.0
06-04-2009,0.0
07-04-2009,0.0
08-04-2009,0.04
09-04-2009,0.07
10-04-2009,0.33
11-04-2009,0.59
12-04-2009,0.73
13-04-2009,0.73
14-04-2009,0.69
15-04-2009,0.63
16-04-2009,0.44
17-04-2009,0.15
18-04-2009,0.0
19-04-2009,0.0
20-04-2009,0.0
21-04-2009,0.03
22-04-2009,0.0
23-04-2009,0.11
24-04-2009,0.26
25-04-2009,0.65
26-04-2009,0.94
27-04-2009,0.93
28-04-2009,0.85
29-04-2009,0.71
30-04-2009,0.41
01-05-2009,0.0
02-05-2009,0.0
03-05-2009,0.0
04-05-2009,0.0
05-05-2009,0.0
06-05-2009,0.0
07-05-2009,0.0
08-05-2009,0.0
09-05-2009,0.0
10-05-2009,0.0
11-05-2009,0.0
12-05-2009,0.0
13-05-2009,0.74
14-05-2009,0.0
15-05-2009,0.0
16-05-2009,0.15
17-05-2009,0.0
18-05-2009,0.0
19-05-2009,0.0
20-05-2009,0.0
21-05-2009,0.0
22-05-2009,0.02
23-05-2009,0.13
24-05-2009,0.39
25-05-2009,0.67
26-05-2009,0.68
27-05-2009,0.58
28-05-2009,0.48
29-05-2009,0.17
30-05-2009,0.0
31-05-2009,0.0
01-06-2009,0.54
02-06-2009,0.65
03-06-2009,0.85
04-06-2009,0.96
05-06-2009,1.12
06-06-2009,1.04
07-06-2009,0.8
08-06-2009,0.52
09-06-2009,0.27
10-06-2009,0.17
11-06-2009,0.16
12-06-2009,0.21
13-06-2009,0.27
14-06-2009,0.26
15-06-2009,0.27
16-06-2009,0.32
17-06-2009,0.37
18-06-2009,0.54
19-06-2009,0.77
20-06-2009,1.09
21-06-2009,1.16
22-06-2009,1.1
23-06-2009,0.92
24-06-2009,0.62
25-06-2009,0.61
26-06-2009,0.67
27-06-2009,0.67
28-06-2009,0.67
29-06-2009,0.62
30-06-2009,0.62
01-07-2009,0.69
02-07-2009,0.82
03-07-2009,0.0
04-07-2009,1.08
05-07-2009,0.0
06-07-2009,0.0
07-07-2009,0.75
08-07-2009,0.63
09-07-2009,0.55
10-07-2009,0.38
11-07-2009,0.0
12-07-2009,0.38
13-07-2009,0.79
14-07-2009,0.9
15-07-2009,1.02
16-07-2009,0.0
17-07-2009,0.0
18-07-2009,0.0
19-07-2009,0.0
20-07-2009,0.0
21-07-2009,0.0
22-07-2009,1.84
23-07-2009,1.7
24-07-2009,1.75
25-07-2009,1.81
26-07-2009,1.84
27-07-2009,1.87
28-07-2009,1.85
29-07-2009,1.84
30-07-2009,1.83
31-07-2009,0.0
01-08-2009,1.92
02-08-2009,2.0
03-08-2009,2.04
04-08-2009,2.05
05-08-2009,2.12
06-08-2009,2.13
07-08-2009,2.14
08-08-2009,2.14
09-08-2009,2.15
10-08-2009,2.17
11-08-2009,2.2
12-08-2009,2.24
13-08-2009,2.28
14-08-2009,2.31
15-08-2009,2.35
16-08-2009,2.4
17-08-2009,2.48
18-08-2009,2.55
19-08-2009,2.59
20-08-2009,2.58
21-08-2009,2.54
22-08-2009,2.53
23-08-2009,2.51
24-08-2009,2.5
25-08-2009,2.49
26-08-2009,2.49
27-08-2009,2.48
28-08-2009,2.47
29-08-2009,2.44
30-08-2009,2.44
31-08-2009,2.46
01-09-2009,2.45
02-09-2009,2.44
03-09-2009,2.46
04-09-2009,2.45
05-09-2009,2.43
06-09-2009,0.0
07-09-2009,2.41
08-09-2009,2.15
09-09-2009,2.48
10-09-2009,0.0
11-09-2009,0.0
12-09-2009,0.0
13-09-2009,2.66
14-09-2009,2.72
15-09-2009,2.79
16-09-2009,2.85
17-09-2009,2.89
18-09-2009,2.91
19-09-2009,2.93
20-09-2009,2.92
21-09-2009,2.89
22-09-2009,2.89
23-09-2009,2.86
24-09-2009,2.86
25-09-2009,2.85
26-09-2009,2.83
27-09-2009,2.82
28-09-2009,2.79
29-09-2009,2.77
30-09-2009,2.81
01-10-2009,2.88
02-10-2009,2.95
03-10-2009,3.0
04-10-2009,3.06
05-10-2009,3.12
06-10-2009,3.15
07-10-2009,3.24
08-10-2009,3.29
09-10-2009,3.36
10-10-2009,3.42
11-10-2009,3.47
12-10-2009,3.48
13-10-2009,3.5
14-10-2009,3.51
15-10-2009,3.52
16-10-2009,3.52
17-10-2009,3.5
18-10-2009,3.47
19-10-2009,3.43
20-10-2009,3.38
21-10-2009,3.32
22-10-2009,3.26
23-10-2009,3.2
24-10-2009,3.16
25-10-2009,3.13
26-10-2009,3.12
27-10-2009,3.11
28-10-2009,0.0
29-10-2009,3.05
30-10-2009,3.02
31-10-2009,2.98
01-11-2009,2.94
02-11-2009,2.91
03-11-2009,2.88
04-11-2009,2.85
05-11-2009,2.8
06-11-2009,2.75
07-11-2009,2.7
08-11-2009,2.66
09-11-2009,2.61
10-11-2009,2.53
11-11-2009,2.47
12-11-2009,2.43
13-11-2009,2.41
14-11-2009,2.4
15-11-2009,2.39
16-11-2009,2.34
17-11-2009,2.3
18-11-2009,2.3
19-11-2009,2.25
20-11-2009,2.19
21-11-2009,2.12
22-11-2009,2.05
23-11-2009,1.98
24-11-2009,1.89
25-11-2009,1.82
26-11-2009,1.76
27-11-2009,1.74
28-11-2009,1.76
29-11-2009,1.79
30-11-2009,1.83
01-12-2009,1.8
02-12-2009,1.86
03-12-2009,1.94
04-12-2009,1.92
05-12-2009,1.82
06-12-2009,1.64
07-12-2009,1.49
08-12-2009,1.42
09-12-2009,1.38
10-12-2009,1.38
11-12-2009,1.4
12-12-2009,1.43
13-12-2009,1.48
14-12-2009,1.53
15-12-2009,1.54
16-12-2009,1.57
17-12-2009,1.63
18-12-2009,1.59
19-12-2009,1.5
20-12-2009,1.43
21-12-2009,1.33
22-12-2009,1.24
23-12-2009,1.18
24-12-2009,1.08
25-12-2009,1.06
26-12-2009,1.05
27-12-2009,1.1
28-12-2009,1.11
29-12-2009,1.25
30-12-2009,1.32
31-12-2009,1.49
01-01-2010,1.28
02-01-2010,1.41
03-01-2010,1.5
04-01-2010,1.6
05-01-2010,1.52
06-01-2010,1.46
07-01-2010,1.34
08-01-2010,1.12
09-01-2010,0.96
10-01-2010,0.82
11-01-2010,0.76
12-01-2010,0.7
13-01-2010,0.77
14-01-2010,0.85
15-01-2010,0.89
16-01-2010,0.99
17-01-2010,1.2
18-01-2010,1.34
19-01-2010,1.42
20-01-2010,1.5
21-01-2010,1.51
22-01-2010,1.41
23-01-2010,1.07
24-01-2010,0.65
25-01-2010,0.62
26-01-2010,0.62
27-01-2010,0.71
28-01-2010,0.79
29-01-2010,0.92
30-01-2010,1.09
31-01-2010,0.0
01-02-2010,1.2
02-02-2010,1.5
03-02-2010,1.56
04-02-2010,1.45
05-02-2010,1.28
06-02-2010,0.98
07-02-2010,0.6
08-02-2010,0.27
09-02-2010,0.18
10-02-2010,0.17
11-02-2010,0.2
12-02-2010,0.3
13-02-2010,0.54
14-02-2010,0.63
15-02-2010,0.91
16-02-2010,1.14
17-02-2010,1.31
18-02-2010,1.35
19-02-2010,1.29
20-02-2010,1.13
21-02-2010,0.8
22-02-2010,0.3
23-02-2010,0.29
24-02-2010,0.34
25-02-2010,0.36
26-02-2010,0.49
27-02-2010,0.57
28-02-2010,0.62
01-03-2010,0.74
02-03-2010,1.0
03-03-2010,1.12
04-03-2010,1.13
05-03-2010,1.07
06-03-2010,0.98
07-03-2010,0.71
08-03-2010,0.44
09-03-2010,0.18
10-03-2010,0.22
11-03-2010,0.18
12-03-2010,0.31
13-03-2010,0.35
14-03-2010,0.39
15-03-2010,0.44
16-03-2010,0.64
17-03-2010,1.06
18-03-2010,1.19
19-03-2010,1.26
20-03-2010,1.24
21-03-2010,1.03
22-03-2010,0.46
23-03-2010,0.06
24-03-2010,0.18
25-03-2010,0.19
26-03-2010,0.38
27-03-2010,0.53
28-03-2010,0.6
29-03-2010,0.73
30-03-2010,0.76
31-03-2010,1.0
01-04-2010,1.13
02-04-2010,1.1
03-04-2010,1.0
04-04-2010,0.86
05-04-2010,0.72
06-04-2010,0.5
07-04-2010,0.06
08-04-2010,0.0
09-04-2010,0.0
10-04-2010,0.08
11-04-2010,0.08
12-04-2010,0.23
13-04-2010,0.3
14-04-2010,0.34
15-04-2010,0.64
16-04-2010,0.96
17-04-2010,0.99
18-04-2010,0.88
19-04-2010,0.67
20-04-2010,0.26
21-04-2010,0.0
22-04-2010,0.0
23-04-2010,0.0
24-04-2010,0.0
25-04-2010,0.14
26-04-2010,0.16
27-04-2010,0.15
28-04-2010,0.32
29-04-2010,0.66
30-04-2010,0.8
01-05-2010,0.79
02-05-2010,0.71
03-05-2010,0.62
04-05-2010,0.53
05-05-2010,0.22
06-05-2010,0.0
07-05-2010,0.0
08-05-2010,0.0
09-05-2010,0.0
10-05-2010,0.0
11-05-2010,0.0
12-05-2010,0.0
13-05-2010,0.1
14-05-2010,0.56
15-05-2010,0.87
16-05-2010,0.91
17-05-2010,0.88
18-05-2010,0.75
19-05-2010,0.3
20-05-2010,0.0
21-05-2010,0.0
22-05-2010,0.0
23-05-2010,0.0
24-05-2010,0.0
25-05-2010,0.0
26-05-2010,0.09
27-05-2010,0.32
28-05-2010,0.68
29-05-2010,0.95
30-05-2010,1.03
31-05-2010,1.04
01-06-2010,0.0
02-06-2010,0.0
03-06-2010,0.0
04-06-2010,0.0
05-06-2010,0.0
06-06-2010,0.0
07-06-2010,0.16
08-06-2010,0.46
09-06-2010,0.7
10-06-2010,0.0
11-06-2010,0.77
12-06-2010,0.67
13-06-2010,0.46
14-06-2010,0.06
15-06-2010,0.0
16-06-2010,0.0
17-06-2010,0.02
18-06-2010,0.03
19-06-2010,0.0
20-06-2010,0.11
21-06-2010,0.31
22-06-2010,0.58
23-06-2010,0.84
24-06-2010,0.85
25-06-2010,0.73
26-06-2010,0.5
27-06-2010,0.26
28-06-2010,0.0
29-06-2010,0.0
30-06-2010,0.0
01-07-2010,0.0
02-07-2010,0.0
03-07-2010,0.0
04-07-2010,0.0
05-07-2010,0.0
06-07-2010,0.2
07-07-2010,0.46
08-07-2010,0.78
09-07-2010,0.88
10-07-2010,0.83
11-07-2010,0.76
12-07-2010,0.64
13-07-2010,0.3
14-07-2010,0.11
15-07-2010,0.14
16-07-2010,0.24
17-07-2010,0.28
18-07-2010,0.32
19-07-2010,0.38
20-07-2010,0.51
21-07-2010,0.75
22-07-2010,0.0
23-07-2010,0.93
24-07-2010,0.86
25-07-2010,0.78
26-07-2010,0.74
27-07-2010,0.68
28-07-2010,0.51
29-07-2010,0.52
30-07-2010,0.64
31-07-2010,0.69
01-08-2010,0.72
02-08-2010,0.75
03-08-2010,0.79
04-08-2010,0.88
05-08-2010,1.0
06-08-2010,1.16
07-08-2010,1.34
08-08-2010,1.37
09-08-2010,1.39
10-08-2010,1.29
11-08-2010,1.09
12-08-2010,1.1
13-08-2010,1.13
14-08-2010,1.24
15-08-2010,1.34
16-08-2010,1.39
17-08-2010,1.42
18-08-2010,1.48
19-08-2010,1.56
20-08-2010,1.64
21-08-2010,1.65
22-08-2010,1.62
23-08-2010,1.59
24-08-2010,1.52
25-08-2010,1.47
26-08-2010,1.42
27-08-2010,1.4
28-08-2010,1.45
29-08-2010,1.5
30-08-2010,1.54
31-08-2010,1.62
01-09-2010,1.68
02-09-2010,1.72
03-09-2010,1.76
04-09-2010,1.99
05-09-2010,2.0
06-09-2010,2.11
07-09-2010,2.16
08-09-2010,2.2
09-09-2010,2.15
10-09-2010,2.06
11-09-2010,2.02
12-09-2010,2.01
13-09-2010,2.02
14-09-2010,2.04
15-09-2010,2.02
16-09-2010,2.0
17-09-2010,2.05
18-09-2010,2.1
19-09-2010,2.13
20-09-2010,2.17
21-09-2010,2.18
22-09-2010,2.18
23-09-2010,2.16
24-09-2010,2.1
25-09-2010,2.08
26-09-2010,2.09
27-09-2010,2.09
28-09-2010,2.09
29-09-2010,2.1
30-09-2010,2.12
01-10-2010,2.16
02-10-2010,2.19
03-10-2010,2.24
04-10-2010,2.37
05-10-2010,2.37
06-10-2010,2.45
07-10-2010,2.5
08-10-2010,2.47
09-10-2010,2.46
10-10-2010,2.43
11-10-2010,2.46
12-10-2010,2.43
13-10-2010,0.0
14-10-2010,2.46
15-10-2010,2.44
16-10-2010,2.33
17-10-2010,2.45
18-10-2010,2.53
19-10-2010,2.53
20-10-2010,2.57
21-10-2010,2.61
22-10-2010,2.64
23-10-2010,2.68
24-10-2010,2.69
25-10-2010,2.69
26-10-2010,2.66
27-10-2010,2.66
28-10-2010,2.67
29-10-2010,2.64
30-10-2010,2.6
31-10-2010,2.55
01-11-2010,2.56
02-11-2010,2.53
03-11-2010,2.58
04-11-2010,2.58
05-11-2010,2.59
06-11-2010,2.57
07-11-2010,2.53
08-11-2010,2.47
09-11-2010,2.4
10-11-2010,2.36
11-11-2010,2.27
12-11-2010,2.2
13-11-2010,2.16
14-11-2010,2.11
15-11-2010,2.07
16-11-2010,2.06
17-11-2010,2.08
18-11-2010,2.05
19-11-2010,2.06
20-11-2010,2.1
21-11-2010,2.11
22-11-2010,2.1
23-11-2010,2.1
24-11-2010,2.07
25-11-2010,1.98
26-11-2010,1.88
27-11-2010,1.81
28-11-2010,1.79
29-11-2010,1.72
30-11-2010,1.78
01-12-2010,1.8
02-12-2010,1.8
03-12-2010,1.84
04-12-2010,1.91
05-12-2010,1.93
06-12-2010,1.89
07-12-2010,1.85
08-12-2010,1.74
09-12-2010,1.65
10-12-2010,1.48
11-12-2010,1.36
12-12-2010,1.3
13-12-2010,1.24
14-12-2010,1.21
15-12-2010,1.22
16-12-2010,1.29
17-12-2010,1.44
18-12-2010,1.45
19-12-2010,1.49
20-12-2010,1.58
21-12-2010,1.64
22-12-2010,1.71
23-12-2010,1.76
24-12-2010,1.51
25-12-2010,0.0
26-12-2010,1.01
27-12-2010,1.03
28-12-2010,0.0
29-12-2010,1.04
30-12-2010,1.1
31-12-2010,1.2
01-01-2011,1.32
02-01-2011,1.33
03-01-2011,1.32
04-01-2011,1.26
05-01-2011,1.26
06-01-2011,1.29
07-01-2011,1.4
08-01-2011,1.54
09-01-2011,1.68
10-01-2011,1.7
11-01-2011,1.59
12-01-2011,1.46
13-01-2011,1.19
14-01-2011,0.73
15-01-2011,1.0
16-01-2011,0.96
17-01-2011,0.98
18-01-2011,1.03
19-01-2011,1.07
20-01-2011,1.12
21-01-2011,1.27
22-01-2011,1.49
23-01-2011,1.59
24-01-2011,1.62
25-01-2011,1.44
26-01-2011,1.32
27-01-2011,1.06
28-01-2011,0.82
29-01-2011,0.75
30-01-2011,0.84
31-01-2011,0.88
01-02-2011,0.87
02-02-2011,0.93
03-02-2011,0.96
04-02-2011,1.05
05-02-2011,1.14
06-02-2011,1.26
07-02-2011,1.4
08-02-2011,1.41
09-02-2011,1.4
10-02-2011,1.22
11-02-2011,0.82
12-02-2011,0.65
13-02-2011,0.64
14-02-2011,0.62
15-02-2011,0.64
16-02-2011,0.67
17-02-2011,0.74
18-02-2011,0.95
19-02-2011,1.1
20-02-2011,1.38
21-02-2011,1.48
22-02-2011,1.42
23-02-2011,1.32
24-02-2011,1.02
25-02-2011,0.54
26-02-2011,0.31
27-02-2011,0.3
28-02-2011,0.35
01-03-2011,0.44
02-03-2011,0.55
03-03-2011,0.65
04-03-2011,0.72
05-03-2011,0.75
06-03-2011,1.0
07-03-2011,1.26
08-03-2011,1.3
09-03-2011,1.21
10-03-2011,1.03
11-03-2011,0.74
12-03-2011,0.44
13-03-2011,0.4
14-03-2011,0.47
15-03-2011,0.53
16-03-2011,0.54
17-03-2011,0.6
18-03-2011,0.64
19-03-2011,0.8
20-03-2011,1.08
21-03-2011,1.09
22-03-2011,1.04
23-03-2011,0.9
24-03-2011,0.71
25-03-2011,0.67
26-03-2011,0.41
27-03-2011,0.23
28-03-2011,0.17
29-03-2011,0.16
30-03-2011,0.13
31-03-2011,0.16
01-04-2011,0.15
02-04-2011,0.19
03-04-2011,0.36
04-04-2011,0.83
05-04-2011,1.06
06-04-2011,1.08
07-04-2011,0.98
08-04-2011,0.84
09-04-2011,0.05
10-04-2011,0.03
11-04-2011,0.08
12-04-2011,0.14
13-04-2011,0.18
14-04-2011,0.17
15-04-2011,0.17
16-04-2011,0.28
17-04-2011,0.55
18-04-2011,0.82
19-04-2011,0.83
20-04-2011,0.78
21-04-2011,0.68
22-04-2011,0.54
23-04-2011,0.0
24-04-2011,0.0
25-04-2011,0.0
26-04-2011,0.0
27-04-2011,0.0
28-04-2011,0.0
29-04-2011,0.0
30-04-2011,0.0
01-05-2011,0.0
02-05-2011,0.2
03-05-2011,0.6
04-05-2011,0.78
05-05-2011,0.82
06-05-2011,0.72
07-05-2011,0.57
08-05-2011,0.1
09-05-2011,0.0
10-05-2011,0.0
11-05-2011,0.0
12-05-2011,0.0
13-05-2011,0.0
14-05-2011,0.0
15-05-2011,0.05
16-05-2011,0.35
17-05-2011,0.75
18-05-2011,0.82
19-05-2011,0.8
20-05-2011,0.7
21-05-2011,0.54
22-05-2011,0.28
23-05-2011,0.11
24-05-2011,0.0
25-05-2011,0.0
26-05-2011,0.0
27-05-2011,0.0
28-05-2011,0.09
29-05-2011,0.05
30-05-2011,0.19
31-05-2011,0.44
01-06-2011,0.99
02-06-2011,0.86
03-06-2011,0.56
04-06-2011,0.23
05-06-2011,0.18
06-06-2011,0.23
07-06-2011,0.26
08-06-2011,0.21
09-06-2011,1.25
10-06-2011,0.29
11-06-2011,0.41
12-06-2011,0.69
13-06-2011,1.03
14-06-2011,1.1
15-06-2011,1.02
16-06-2011,0.77
17-06-2011,0.4
18-06-2011,0.15
19-06-2011,0.15
20-06-2011,0.19
21-06-2011,0.27
22-06-2011,0.4
23-06-2011,0.45
24-06-2011,0.55
25-06-2011,0.65
26-06-2011,0.75
27-06-2011,0.94
28-06-2011,1.13
29-06-2011,1.16
30-06-2011,1.12
01-07-2011,1.0
02-07-2011,0.9
03-07-2011,0.91
04-07-2011,0.99
05-07-2011,1.12
06-07-2011,1.2
07-07-2011,1.27
08-07-2011,1.3
09-07-2011,1.31
10-07-2011,1.34
11-07-2011,1.42
12-07-2011,1.59
13-07-2011,1.65
14-07-2011,1.55
15-07-2011,1.32
16-07-2011,1.18
17-07-2011,1.12
18-07-2011,1.12
19-07-2011,1.12
20-07-2011,1.13
21-07-2011,1.14
22-07-2011,1.17
23-07-2011,1.19
24-07-2011,1.28
25-07-2011,1.38
26-07-2011,1.56
27-07-2011,1.63
28-07-2011,1.7
29-07-2011,1.78
30-07-2011,1.85
31-07-2011,1.79
01-08-2011,1.76
02-08-2011,1.74
03-08-2011,1.79
04-08-2011,1.86
05-08-2011,1.9
06-08-2011,1.94
07-08-2011,1.98
08-08-2011,2.04
09-08-2011,2.12
10-08-2011,2.27
11-08-2011,2.33
12-08-2011,2.37
13-08-2011,2.39
14-08-2011,2.42
15-08-2011,2.49
16-08-2011,2.53
17-08-2011,2.61
18-08-2011,2.67
19-08-2011,2.75
20-08-2011,2.81
21-08-2011,2.86
22-08-2011,2.9
23-08-2011,2.94
24-08-2011,2.99
25-08-2011,3.04
26-08-2011,3.09
27-08-2011,3.02
28-08-2011,3.18
29-08-2011,3.18
30-08-2011,3.18
31-08-2011,3.19
01-09-2011,3.18
02-09-2011,3.19
03-09-2011,3.2
04-09-2011,3.2
05-09-2011,3.19
06-09-2011,3.18
07-09-2011,3.21
08-09-2011,3.21
09-09-2011,3.22
10-09-2011,3.22
11-09-2011,3.25
12-09-2011,3.29
13-09-2011,3.32
14-09-2011,3.35
15-09-2011,3.39
16-09-2011,3.41
17-09-2011,3.45
18-09-2011,3.48
19-09-2011,3.51
20-09-2011,3.53
21-09-2011,3.58
22-09-2011,3.62
23-09-2011,3.68
24-09-2011,3.75
25-09-2011,3.85
26-09-2011,3.94
27-09-2011,4.03
28-09-2011,4.11
29-09-2011,4.13
30-09-2011,4.15
01-10-2011,4.16
02-10-2011,4.18
03-10-2011,4.18
04-10-2011,4.17
05-10-2011,4.17
06-10-2011,4.21
07-10-2011,4.23
08-10-2011,4.24
09-10-2011,4.23
10-10-2011,4.23
11-10-2011,4.24
12-10-2011,4.24
13-10-2011,4.24
14-10-2011,4.22
15-10-2011,4.19
16-10-2011,4.19
17-10-2011,4.17
18-10-2011,4.16
19-10-2011,4.19
20-10-2011,4.2
21-10-2011,4.21
22-10-2011,4.21
23-10-2011,4.22
24-10-2011,4.21
25-10-2011,4.21
26-10-2011,4.19
27-10-2011,4.16
28-10-2011,4.1
29-10-2011,4.04
30-10-2011,3.98
31-10-2011,3.91
01-11-2011,3.84
02-11-2011,3.76
03-11-2011,3.69
04-11-2011,3.62
05-11-2011,3.54
06-11-2011,3.49
07-11-2011,3.43
08-11-2011,3.38
09-11-2011,3.31
10-11-2011,3.27
11-11-2011,3.28
12-11-2011,3.26
13-11-2011,3.24
14-11-2011,3.19
15-11-2011,3.15
16-11-2011,3.09
17-11-2011,3.02
18-11-2011,2.96
19-11-2011,0.0
20-11-2011,2.84
21-11-2011,2.8
22-11-2011,2.78
23-11-2011,2.78
24-11-2011,2.78
25-11-2011,2.78
26-11-2011,2.74
27-11-2011,2.68
28-11-2011,2.61
29-11-2011,2.51
30-11-2011,2.41
01-12-2011,2.32
02-12-2011,2.25
03-12-2011,2.2
04-12-2011,2.16
05-12-2011,2.1
06-12-2011,2.04
07-12-2011,2.06
08-12-2011,2.04
09-12-2011,2.06
10-12-2011,2.07
11-12-2011,2.1
12-12-2011,2.06
13-12-2011,1.97
14-12-2011,1.83
15-12-2011,1.77
16-12-2011,1.74
17-12-2011,1.72
18-12-2011,1.71
19-12-2011,1.65
20-12-2011,1.66
21-12-2011,1.65
22-12-2011,1.73
23-12-2011,1.86
24-12-2011,1.99
25-12-2011,2.08
26-12-2011,1.98
27-12-2011,1.81
28-12-2011,1.54
29-12-2011,1.4
30-12-2011,1.34
31-12-2011,1.33
01-01-2012,1.31
02-01-2012,1.03
03-01-2012,0.87
04-01-2012,0.86
05-01-2012,0.8
06-01-2012,0.78
07-01-2012,0.9
08-01-2012,0.96
09-01-2012,1.19
10-01-2012,1.41
11-01-2012,1.73
12-01-2012,1.76
13-01-2012,1.65
14-01-2012,1.52
15-01-2012,1.17
16-01-2012,0.75
17-01-2012,0.63
18-01-2012,0.67
19-01-2012,0.81
20-01-2012,0.74
21-01-2012,0.74
22-01-2012,0.91
23-01-2012,0.99
24-01-2012,1.12
25-01-2012,1.3
26-01-2012,1.44
27-01-2012,1.41
28-01-2012,1.38
29-01-2012,1.26
30-01-2012,0.96
31-01-2012,0.71
01-02-2012,0.0
02-02-2012,0.38
03-02-2012,0.45
04-02-2012,0.52
05-02-2012,0.62
06-02-2012,0.74
07-02-2012,0.89
08-02-2012,1.1
09-02-2012,1.36
10-02-2012,1.44
11-02-2012,1.44
12-02-2012,1.24
13-02-2012,0.87
14-02-2012,0.25
15-02-2012,0.35
16-02-2012,0.36
17-02-2012,0.48
18-02-2012,0.46
19-02-2012,0.45
20-02-2012,0.58
21-02-2012,0.75
22-02-2012,0.86
23-02-2012,1.12
24-02-2012,1.31
25-02-2012,1.39
26-02-2012,1.36
27-02-2012,1.27
28-02-2012,0.95
01-03-2012,0.32
02-03-2012,0.07
03-03-2012,0.06
04-03-2012,0.17
05-03-2012,0.38
06-03-2012,0.5
07-03-2012,0.7
08-03-2012,0.84
09-03-2012,1.1
10-03-2012,1.27
11-03-2012,1.23
12-03-2012,1.08
13-03-2012,0.87
14-03-2012,0.4
15-03-2012,0.0
16-03-2012,0.0
17-03-2012,0.0
18-03-2012,0.01
19-03-2012,0.02
20-03-2012,0.08
21-03-2012,0.08
22-03-2012,0.17
23-03-2012,0.36
24-03-2012,0.67
25-03-2012,0.92
26-03-2012,0.98
27-03-2012,0.95
28-03-2012,0.83
29-03-2012,0.62
30-03-2012,0.0
31-03-2012,0.0
01-04-2012,0.0
02-04-2012,0.06
03-04-2012,0.17
04-04-2012,0.27
05-04-2012,0.3
06-04-2012,0.42
07-04-2012,0.79
08-04-2012,1.02
09-04-2012,1.04
10-04-2012,0.96
11-04-2012,0.91
12-04-2012,0.8
13-04-2012,0.41
14-04-2012,0.1
15-04-2012,0.03
16-04-2012,0.02
17-04-2012,0.0
18-04-2012,0.0
19-04-2012,0.0
20-04-2012,0.0
21-04-2012,0.06
22-04-2012,0.43
23-04-2012,0.83
24-04-2012,0.89
25-04-2012,0.93
26-04-2012,0.91
27-04-2012,0.71
28-04-2012,0.25
29-04-2012,0.0
30-04-2012,0.0
01-05-2012,0.04
02-05-2012,0.05
03-05-2012,0.11
04-05-2012,0.23
05-05-2012,0.48
06-05-2012,0.83
07-05-2012,1.04
08-05-2012,1.07
09-05-2012,1.03
10-05-2012,0.87
11-05-2012,0.63
12-05-2012,0.18
13-05-2012,0.0
14-05-2012,0.0
15-05-2012,0.0
16-05-2012,0.0
17-05-2012,0.0
18-05-2012,0.0
19-05-2012,0.0
20-05-2012,0.07
21-05-2012,0.34
22-05-2012,0.76
23-05-2012,0.93
24-05-2012,0.9
25-05-2012,0.83
26-05-2012,0.58
27-05-2012,0.13
28-05-2012,0.0
29-05-2012,0.0
30-05-2012,0.0
31-05-2012,0.06
01-06-2012,0.88
02-06-2012,1.15
03-06-2012,1.16
04-06-2012,1.02
05-06-2012,0.75
06-06-2012,0.4
07-06-2012,0.21
08-06-2012,0.3
09-06-2012,0.37
10-06-2012,0.0
11-06-2012,0.41
12-06-2012,0.41
13-06-2012,0.34
14-06-2012,0.5
15-06-2012,0.73
16-06-2012,0.92
17-06-2012,0.9
18-06-2012,0.91
19-06-2012,0.78
20-06-2012,0.42
21-06-2012,0.14
22-06-2012,0.1
23-06-2012,0.24
24-06-2012,0.39
25-06-2012,0.41
26-06-2012,0.45
27-06-2012,0.43
28-06-2012,0.48
29-06-2012,0.63
30-06-2012,1.0
01-07-2012,1.19
02-07-2012,1.35
03-07-2012,1.3
04-07-2012,1.08
05-07-2012,0.65
06-07-2012,0.64
07-07-2012,0.76
08-07-2012,0.94
09-07-2012,1.06
10-07-2012,1.1
11-07-2012,1.12
12-07-2012,1.14
13-07-2012,1.19
14-07-2012,1.28
15-07-2012,1.37
16-07-2012,1.42
17-07-2012,1.34
18-07-2012,1.31
19-07-2012,1.16
20-07-2012,1.0
21-07-2012,0.83
22-07-2012,0.81
23-07-2012,0.77
24-07-2012,0.76
25-07-2012,0.81
26-07-2012,0.87
27-07-2012,0.93
28-07-2012,1.06
29-07-2012,1.19
30-07-2012,1.51
31-07-2012,1.54
01-08-2012,1.51
02-08-2012,1.33
03-08-2012,1.2
04-08-2012,1.15
05-08-2012,1.23
06-08-2012,1.43
07-08-2012,1.48
08-08-2012,1.48
09-08-2012,1.48
10-08-2012,1.5
11-08-2012,1.48
12-08-2012,1.49
13-08-2012,1.57
14-08-2012,1.66
15-08-2012,1.66
16-08-2012,1.69
17-08-2012,1.65
18-08-2012,1.62
19-08-2012,1.61
20-08-2012,1.62
21-08-2012,1.59
22-08-2012,1.63
23-08-2012,1.67
24-08-2012,1.68
25-08-2012,1.7
26-08-2012,1.75
27-08-2012,1.87
28-08-2012,2.04
29-08-2012,2.07
30-08-2012,2.1
31-08-2012,2.05
01-09-2012,1.99
02-09-2012,1.99
03-09-2012,1.94
04-09-2012,1.92
05-09-2012,2.0
06-09-2012,2.07
07-09-2012,2.11
08-09-2012,2.13
09-09-2012,2.15
10-09-2012,2.16
11-09-2012,2.28
12-09-2012,2.28
13-09-2012,2.32
14-09-2012,2.42
15-09-2012,2.42
16-09-2012,2.46
17-09-2012,2.45
18-09-2012,2.45
19-09-2012,2.48
20-09-2012,2.46
21-09-2012,2.47
22-09-2012,2.49
23-09-2012,2.47
24-09-2012,2.49
25-09-2012,2.58
26-09-2012,2.69
27-09-2012,2.69
28-09-2012,2.73
29-09-2012,2.72
30-09-2012,2.74
01-10-2012,2.75
02-10-2012,2.72
03-10-2012,2.73
04-10-2012,2.7
05-10-2012,2.68
06-10-2012,2.67
07-10-2012,2.67
08-10-2012,2.67
09-10-2012,2.67
10-10-2012,2.69
11-10-2012,2.75
12-10-2012,2.8
13-10-2012,2.86
14-10-2012,2.85
15-10-2012,2.85
16-10-2012,2.83
17-10-2012,2.76
18-10-2012,2.72
19-10-2012,2.63
20-10-2012,2.54
21-10-2012,2.45
22-10-2012,2.43
23-10-2012,2.37
24-10-2012,2.33
25-10-2012,2.34
26-10-2012,2.36
27-10-2012,2.33
28-10-2012,2.28
29-10-2012,2.23
30-10-2012,2.21
31-10-2012,2.05
01-11-2012,0.0
02-11-2012,1.97
03-11-2012,1.91
04-11-2012,1.84
05-11-2012,0.0
06-11-2012,1.8
07-11-2012,1.77
08-11-2012,1.77
09-11-2012,1.78
10-11-2012,1.81
11-11-2012,1.91
12-11-2012,2.06
13-11-2012,2.08
14-11-2012,2.06
15-11-2012,2.03
16-11-2012,1.94
17-11-2012,1.75
18-11-2012,1.57
19-11-2012,1.52
20-11-2012,1.57
21-11-2012,1.55
22-11-2012,1.56
23-11-2012,1.62
24-11-2012,1.64
25-11-2012,1.66
26-11-2012,1.7
27-11-2012,1.68
28-11-2012,1.68
29-11-2012,1.68
30-11-2012,1.68
01-12-2012,1.53
02-12-2012,1.4
03-12-2012,1.24
04-12-2012,0.0
05-12-2012,1.14
06-12-2012,1.14
07-12-2012,1.22
08-12-2012,1.3
09-12-2012,1.36
10-12-2012,1.46
11-12-2012,1.71
12-12-2012,1.84
13-12-2012,1.96
14-12-2012,1.99
15-12-2012,1.9
16-12-2012,1.64
17-12-2012,1.27
18-12-2012,1.14
19-12-2012,1.09
20-12-2012,1.14
21-12-2012,1.1
22-12-2012,1.12
23-12-2012,1.25
24-12-2012,1.4
25-12-2012,1.44
26-12-2012,1.44
27-12-2012,1.57
28-12-2012,1.67
29-12-2012,1.67
30-12-2012,1.51
31-12-2012,1.43
01-01-2013,2.03
02-01-2013,2.06
03-01-2013,1.95
04-01-2013,1.64
05-01-2013,1.32
06-01-2013,1.23
07-01-2013,1.15
08-01-2013,1.1
09-01-2013,1.12
10-01-2013,1.32
11-01-2013,1.32
12-01-2013,1.24
13-01-2013,1.38
14-01-2013,1.58
15-01-2013,1.65
16-01-2013,1.7
17-01-2013,1.59
18-01-2013,1.46
19-01-2013,1.29
20-01-2013,1.04
21-01-2013,0.86
22-01-2013,0.83
23-01-2013,0.84
24-01-2013,0.82
25-01-2013,0.83
26-01-2013,0.88
27-01-2013,1.01
28-01-2013,1.19
29-01-2013,1.37
30-01-2013,1.67
31-01-2013,1.72
01-02-2013,1.6
02-02-2013,1.38
03-02-2013,0.82
04-02-2013,0.56
05-02-2013,0.57
06-02-2013,0.63
07-02-2013,0.61
08-02-2013,0.65
09-02-2013,0.72
10-02-2013,0.73
11-02-2013,0.89
12-02-2013,1.22
13-02-2013,1.39
14-02-2013,1.44
15-02-2013,1.53
16-02-2013,1.43
17-02-2013,1.19
18-02-2013,0.74
19-02-2013,0.47
20-02-2013,0.39
21-02-2013,0.58
22-02-2013,0.55
23-02-2013,0.56
24-02-2013,0.67
25-02-2013,0.76
26-02-2013,0.85
27-02-2013,1.15
28-02-2013,1.41
01-03-2013,1.41
02-03-2013,1.29
03-03-2013,1.06
04-03-2013,0.59
05-03-2013,0.18
06-03-2013,0.22
07-03-2013,0.28
08-03-2013,0.35
09-03-2013,0.32
10-03-2013,0.45
11-03-2013,0.62
12-03-2013,0.71
13-03-2013,0.84
14-03-2013,1.07
15-03-2013,1.29
16-03-2013,1.32
17-03-2013,1.22
18-03-2013,1.06
19-03-2013,0.85
20-03-2013,0.26
21-03-2013,0.09
22-03-2013,0.19
23-03-2013,0.34
24-03-2013,0.4
25-03-2013,0.52
26-03-2013,0.63
27-03-2013,0.75
28-03-2013,1.1
29-03-2013,1.28
30-03-2013,1.26
31-03-2013,1.14
01-04-2013,0.95
02-04-2013,0.48
03-04-2013,0.05
04-04-2013,0.04
05-04-2013,0.08
06-04-2013,0.19
07-04-2013,0.16
08-04-2013,0.13
09-04-2013,0.13
10-04-2013,0.32
11-04-2013,0.57
12-04-2013,0.88
13-04-2013,1.0
14-04-2013,1.03
15-04-2013,1.0
16-04-2013,0.9
17-04-2013,0.63
18-04-2013,0.12
19-04-2013,0.0
20-04-2013,0.02
21-04-2013,0.05
22-04-2013,0.11
23-04-2013,0.15
24-04-2013,0.23
25-04-2013,0.46
26-04-2013,0.83
27-04-2013,1.07
28-04-2013,1.08
29-04-2013,0.99
30-04-2013,0.88
01-05-2013,0.48
02-05-2013,0.07
03-05-2013,0.0
04-05-2013,0.0
05-05-2013,0.0
06-05-2013,0.07
07-05-2013,0.12
08-05-2013,0.07
09-05-2013,0.18
10-05-2013,0.41
11-05-2013,0.76
12-05-2013,0.93
13-05-2013,0.93
14-05-2013,0.86
15-05-2013,0.77
16-05-2013,0.53
17-05-2013,0.0
18-05-2013,0.0
19-05-2013,0.0
20-05-2013,0.0
21-05-2013,0.01
22-05-2013,0.1
23-05-2013,0.19
24-05-2013,0.39
25-05-2013,0.77
26-05-2013,0.98
27-05-2013,0.97
28-05-2013,0.9
29-05-2013,0.69
30-05-2013,0.35
31-05-2013,0.0
01-06-2013,0.08
02-06-2013,0.23
03-06-2013,0.37
04-06-2013,0.73
05-06-2013,0.98
06-06-2013,0.99
07-06-2013,0.91
08-06-2013,0.0
09-06-2013,0.63
10-06-2013,0.37
11-06-2013,0.0
12-06-2013,0.0
13-06-2013,0.0
14-06-2013,0.0
15-06-2013,0.0
16-06-2013,0.0
17-06-2013,0.04
18-06-2013,0.3
19-06-2013,0.54
20-06-2013,0.82
21-06-2013,1.02
22-06-2013,1.02
23-06-2013,1.0
24-06-2013,0.76
25-06-2013,0.16
26-06-2013,0.12
27-06-2013,0.36
28-06-2013,0.51
29-06-2013,0.52
30-06-2013,0.55
01-07-2013,0.55
02-07-2013,0.63
03-07-2013,0.83
04-07-2013,1.09
05-07-2013,1.23
06-07-2013,1.23
07-07-2013,1.12
08-07-2013,0.94
09-07-2013,0.68
10-07-2013,0.57
11-07-2013,0.31
12-07-2013,0.28
13-07-2013,0.26
14-07-2013,0.4
15-07-2013,0.33
16-07-2013,0.3
17-07-2013,0.44
18-07-2013,0.68
19-07-2013,0.95
20-07-2013,1.22
21-07-2013,1.45
22-07-2013,1.53
23-07-2013,1.43
24-07-2013,1.19
25-07-2013,1.12
26-07-2013,1.17
27-07-2013,1.25
28-07-2013,1.29
29-07-2013,1.32
30-07-2013,1.34
31-07-2013,1.4
01-08-2013,1.5
02-08-2013,1.62
03-08-2013,1.71
04-08-2013,1.83
05-08-2013,1.87
06-08-2013,1.85
07-08-2013,1.79
08-08-2013,1.82
09-08-2013,1.8
10-08-2013,1.79
11-08-2013,1.86
12-08-2013,1.9
13-08-2013,1.97
14-08-2013,1.99
15-08-2013,2.04
16-08-2013,2.08
17-08-2013,2.18
18-08-2013,2.26
19-08-2013,2.31
20-08-2013,2.23
21-08-2013,2.16
22-08-2013,2.04
23-08-2013,2.0
24-08-2013,1.94
25-08-2013,1.95
26-08-2013,1.97
27-08-2013,1.99
28-08-2013,2.02
29-08-2013,2.06
30-08-2013,2.07
31-08-2013,2.16
01-09-2013,2.25
02-09-2013,2.33
03-09-2013,2.34
04-09-2013,2.34
05-09-2013,2.3
06-09-2013,2.27
07-09-2013,2.25
08-09-2013,2.22
09-09-2013,2.25
10-09-2013,2.3
11-09-2013,2.32
12-09-2013,2.33
13-09-2013,2.34
14-09-2013,2.35
15-09-2013,2.43
16-09-2013,2.49
17-09-2013,2.55
18-09-2013,2.58
19-09-2013,2.54
20-09-2013,2.63
21-09-2013,2.65
22-09-2013,2.64
23-09-2013,2.7
24-09-2013,2.79
25-09-2013,2.84
26-09-2013,2.92
27-09-2013,3.03
28-09-2013,3.14
29-09-2013,3.25
30-09-2013,3.36
01-10-2013,3.49
02-10-2013,3.59
03-10-2013,3.65
04-10-2013,3.69
05-10-2013,3.69
06-10-2013,3.72
07-10-2013,3.7
08-10-2013,3.71
09-10-2013,3.72
10-10-2013,3.71
11-10-2013,3.7
12-10-2013,3.68
13-10-2013,3.66
14-10-2013,3.62
15-10-2013,3.58
16-10-2013,3.57
17-10-2013,3.56
18-10-2013,3.54
19-10-2013,3.56
20-10-2013,3.55
21-10-2013,3.56
22-10-2013,3.54
23-10-2013,3.52
24-10-2013,3.47
25-10-2013,3.41
26-10-2013,3.39
27-10-2013,3.37
28-10-2013,3.31
29-10-2013,3.24
30-10-2013,3.2
31-10-2013,3.15
01-11-2013,3.12
02-11-2013,3.09
03-11-2013,3.04
04-11-2013,3.01
05-11-2013,2.95
06-11-2013,2.88
07-11-2013,2.81
08-11-2013,2.75
09-11-2013,2.72
10-11-2013,2.66
11-11-2013,2.61
12-11-2013,2.63
13-11-2013,2.68
14-11-2013,2.7
15-11-2013,2.7
16-11-2013,2.68
17-11-2013,2.65
18-11-2013,2.62
19-11-2013,2.56
20-11-2013,2.53
21-11-2013,2.48
22-11-2013,2.41
23-11-2013,2.36
24-11-2013,2.29
25-11-2013,2.23
26-11-2013,2.22
27-11-2013,2.2
28-11-2013,2.16
29-11-2013,2.18
30-11-2013,2.22
01-12-2013,2.26
02-12-2013,2.32
03-12-2013,2.37
04-12-2013,2.33
05-12-2013,2.25
06-12-2013,2.09
07-12-2013,1.93
08-12-2013,1.82
09-12-2013,1.79
10-12-2013,1.75
11-12-2013,1.79
12-12-2013,1.78
13-12-2013,1.79
14-12-2013,1.8
15-12-2013,1.84
16-12-2013,1.88
17-12-2013,1.91
18-12-2013,1.79
19-12-2013,1.79
20-12-2013,1.68
21-12-2013,0.0
22-12-2013,1.33
23-12-2013,1.34
24-12-2013,1.31
25-12-2013,1.3
26-12-2013,1.35
27-12-2013,1.4
28-12-2013,1.52
29-12-2013,1.65
30-12-2013,1.73
31-12-2013,1.81
01-01-2014,0.0
02-01-2014,0.0
03-01-2014,0.0
04-01-2014,0.0
05-01-2014,0.0
06-01-2014,0.0
07-01-2014,0.0
08-01-2014,0.0
09-01-2014,0.0
10-01-2014,0.0
11-01-2014,0.0
12-01-2014,0.0
13-01-2014,0.0
14-01-2014,0.0
15-01-2014,0.0
16-01-2014,0.0
17-01-2014,0.0
18-01-2014,0.0
19-01-2014,0.0
20-01-2014,0.0
21-01-2014,0.0
22-01-2014,0.0
23-01-2014,0.0
24-01-2014,0.0
25-01-2014,0.0
26-01-2014,0.0
27-01-2014,0.0
28-01-2014,0.0
29-01-2014,0.0
30-01-2014,0.0
31-01-2014,0.0
01-02-2014,0.0
02-02-2014,0.0
03-02-2014,0.0
04-02-2014,0.0
05-02-2014,0.0
06-02-2014,0.0
07-02-2014,0.0
08-02-2014,0.0
09-02-2014,0.0
10-02-2014,0.0
11-02-2014,0.0
12-02-2014,0.0
13-02-2014,0.0
14-02-2014,0.0
15-02-2014,0.0
16-02-2014,0.0
17-02-2014,0.0
18-02-2014,0.0
19-02-2014,0.0
20-02-2014,0.0
21-02-2014,0.0
22-02-2014,0.0
23-02-2014,0.0
24-02-2014,0.0
25-02-2014,0.0
26-02-2014,0.0
27-02-2014,0.0
28-02-2014,0.0
01-03-2014,0.0
02-03-2014,0.0
03-03-2014,1.08
04-03-2014,1.09
05-03-2014,1.06
06-03-2014,0.98
07-03-2014,0.88
08-03-2014,0.74
09-03-2014,0.3
10-03-2014,0.04
11-03-2014,0.08
12-03-2014,0.07
13-03-2014,0.09
14-03-2014,0.15
15-03-2014,0.22
16-03-2014,0.0
17-03-2014,0.0
18-03-2014,0.0
19-03-2014,0.0
20-03-2014,0.0
21-03-2014,0.0
22-03-2014,0.0
23-03-2014,0.26
24-03-2014,0.02
25-03-2014,0.14
26-03-2014,0.24
27-03-2014,0.35
28-03-2014,0.42
29-03-2014,0.5
30-03-2014,0.59
31-03-2014,0.0
01-04-2014,0.0
02-04-2014,0.0
03-04-2014,0.0
04-04-2014,0.0
05-04-2014,0.0
06-04-2014,0.0
07-04-2014,0.0
08-04-2014,0.0
09-04-2014,0.0
10-04-2014,0.0
11-04-2014,0.0
12-04-2014,0.0
13-04-2014,0.3
14-04-2014,0.49
15-04-2014,0.97
16-04-2014,1.15
17-04-2014,1.26
18-04-2014,1.23
19-04-2014,1.1
20-04-2014,0.84
21-04-2014,0.14
22-04-2014,0.0
23-04-2014,0.0
24-04-2014,0.02
25-04-2014,0.11
26-04-2014,0.2
27-04-2014,0.28
28-04-2014,0.29
29-04-2014,0.46
30-04-2014,0.81
01-05-2014,0.94
02-05-2014,0.95
03-05-2014,0.88
04-05-2014,0.76
05-05-2014,0.59
06-05-2014,0.3
07-05-2014,0.0
08-05-2014,0.0
09-05-2014,0.0
10-05-2014,0.0
11-05-2014,0.0
12-05-2014,0.0
13-05-2014,0.12
14-05-2014,0.49
15-05-2014,0.9
16-05-2014,1.08
17-05-2014,1.08
18-05-2014,0.95
19-05-2014,0.75
20-05-2014,0.17
21-05-2014,0.0
22-05-2014,0.0
23-05-2014,0.0
24-05-2014,0.0
25-05-2014,0.0
26-05-2014,0.0
27-05-2014,0.0
28-05-2014,0.11
29-05-2014,0.44
30-05-2014,0.68
31-05-2014,0.76
01-06-2014,0.0
02-06-2014,0.0
03-06-2014,0.0
04-06-2014,0.0
05-06-2014,0.0
06-06-2014,0.0
07-06-2014,0.0
08-06-2014,0.0
09-06-2014,0.0
10-06-2014,0.0
11-06-2014,0.0
12-06-2014,0.0
13-06-2014,0.0
14-06-2014,0.0
15-06-2014,0.0
16-06-2014,0.0
17-06-2014,0.0
18-06-2014,0.0
19-06-2014,0.0
20-06-2014,0.0
21-06-2014,0.0
22-06-2014,0.0
23-06-2014,0.0
24-06-2014,0.0
25-06-2014,0.0
26-06-2014,0.0
27-06-2014,0.0
28-06-2014,0.0
29-06-2014,0.0
30-06-2014,0.0
01-07-2014,0.0
02-07-2014,0.0
03-07-2014,0.0
04-07-2014,0.0
05-07-2014,0.0
06-07-2014,0.0
07-07-2014,0.0
08-07-2014,0.0
09-07-2014,0.0
10-07-2014,0.0
11-07-2014,0.0
12-07-2014,0.0
13-07-2014,0.0
14-07-2014,0.0
15-07-2014,0.0
16-07-2014,0.0
17-07-2014,0.0
18-07-2014,0.0
19-07-2014,0.0
20-07-2014,0.0
21-07-2014,0.0
22-07-2014,0.0
23-07-2014,0.0
24-07-2014,0.0
25-07-2014,0.0
26-07-2014,0.0
27-07-2014,0.0
28-07-2014,0.0
29-07-2014,0.0
30-07-2014,0.0
31-07-2014,0.0
01-08-2014,0.0
02-08-2014,0.0
03-08-2014,0.0
04-08-2014,0.0
05-08-2014,0.0
06-08-2014,0.0
07-08-2014,0.0
08-08-2014,0.0
09-08-2014,0.0
10-08-2014,0.0
11-08-2014,0.0
12-08-2014,0.0
13-08-2014,0.0
14-08-2014,0.0
15-08-2014,0.0
16-08-2014,0.0
17-08-2014,0.0
18-08-2014,0.0
19-08-2014,0.0
20-08-2014,0.0
21-08-2014,0.0
22-08-2014,0.0
23-08-2014,0.0
24-08-2014,0.0
25-08-2014,0.0
26-08-2014,0.0
27-08-2014,0.0
28-08-2014,0.0
29-08-2014,0.0
30-08-2014,0.0
31-08-2014,0.0
01-09-2014,0.0
02-09-2014,0.0
03-09-2014,0.0
04-09-2014,0.0
05-09-2014,0.0
06-09-2014,0.0
07-09-2014,0.0
08-09-2014,0.0
09-09-2014,0.0
10-09-2014,0.0
11-09-2014,0.0
12-09-2014,0.0
13-09-2014,0.0
14-09-2014,0.0
15-09-2014,0.0
16-09-2014,0.0
17-09-2014,0.0
18-09-2014,0.0
19-09-2014,0.0
20-09-2014,0.0
21-09-2014,0.0
22-09-2014,0.0
23-09-2014,0.0
24-09-2014,0.0
25-09-2014,0.0
26-09-2014,0.0
27-09-2014,0.0
28-09-2014,0.0
29-09-2014,0.0
30-09-2014,0.0
01-10-2014,0.0
02-10-2014,0.0
03-10-2014,0.0
04-10-2014,0.0
05-10-2014,0.0
06-10-2014,0.0
07-10-2014,0.0
08-10-2014,0.0
09-10-2014,0.0
10-10-2014,0.0
11-10-2014,0.0
12-10-2014,0.0
13-10-2014,0.0
14-10-2014,0.0
15-10-2014,0.0
16-10-2014,0.0
17-10-2014,0.0
18-10-2014,0.0
19-10-2014,0.0
20-10-2014,0.0
21-10-2014,0.0
22-10-2014,0.0
23-10-2014,0.0
24-10-2014,0.0
25-10-2014,0.0
26-10-2014,0.0
27-10-2014,0.0
28-10-2014,0.0
29-10-2014,0.0
30-10-2014,0.0
31-10-2014,0.0
01-11-2014,0.0
02-11-2014,0.0
03-11-2014,0.0
04-11-2014,0.0
05-11-2014,0.0
06-11-2014,0.0
07-11-2014,0.0
08-11-2014,0.0
09-11-2014,0.0
10-11-2014,0.0
11-11-2014,0.0
12-11-2014,0.0
13-11-2014,0.0
14-11-2014,0.0
15-11-2014,0.0
16-11-2014,0.0
17-11-2014,0.0
18-11-2014,0.0
19-11-2014,0.0
20-11-2014,0.0
21-11-2014,0.0
22-11-2014,0.0
23-11-2014,0.0
24-11-2014,0.0
25-11-2014,0.0
26-11-2014,0.0
27-11-2014,0.0
28-11-2014,0.0
29-11-2014,0.0
30-11-2014,0.0
01-12-2014,0.0
02-12-2014,0.0
03-12-2014,0.0
04-12-2014,0.0
05-12-2014,0.0
06-12-2014,0.0
07-12-2014,0.0
08-12-2014,0.0
09-12-2014,0.0
10-12-2014,0.0
11-12-2014,0.0
12-12-2014,0.0
13-12-2014,0.0
14-12-2014,0.0
15-12-2014,0.0
16-12-2014,0.0
17-12-2014,0.0
18-12-2014,0.0
19-12-2014,0.0
20-12-2014,0.0
21-12-2014,0.0
22-12-2014,0.0
23-12-2014,0.0
24-12-2014,0.0
25-12-2014,0.0
26-12-2014,0.0
27-12-2014,0.0
28-12-2014,0.0
29-12-2014,0.0
30-12-2014,0.0
31-12-2014,0.0
01-01-2015,0.79
02-01-2015,0.79
03-01-2015,0.7
04-01-2015,0.81
05-01-2015,0.86
06-01-2015,0.94
07-01-2015,1.07
08-01-2015,1.27
09-01-2015,1.37
10-01-2015,1.4
11-01-2015,1.33
12-01-2015,1.23
13-01-2015,1.01
14-01-2015,0.64
15-01-2015,0.47
16-01-2015,0.45
17-01-2015,0.49
18-01-2015,0.54
19-01-2015,0.67
20-01-2015,0.87
21-01-2015,1.15
22-01-2015,1.3
23-01-2015,1.37
24-01-2015,1.52
25-01-2015,1.49
26-01-2015,1.44
27-01-2015,1.12
28-01-2015,0.74
29-01-2015,0.44
30-01-2015,0.36
31-01-2015,0.43
01-02-2015,0.4
02-02-2015,0.47
03-02-2015,0.66
04-02-2015,0.87
05-02-2015,1.05
06-02-2015,1.35
07-02-2015,1.62
08-02-2015,1.73
09-02-2015,1.59
10-02-2015,1.49
11-02-2015,1.26
12-02-2015,0.55
13-02-2015,0.24
14-02-2015,0.24
15-02-2015,0.28
16-02-2015,0.43
17-02-2015,0.64
18-02-2015,0.82
19-02-2015,0.98
20-02-2015,1.2
21-02-2015,1.39
22-02-2015,1.38
23-02-2015,1.23
24-02-2015,1.18
25-02-2015,0.97
26-02-2015,0.55
27-02-2015,0.35
28-02-2015,0.31
01-03-2015,0.34
02-03-2015,0.32
03-03-2015,0.35
04-03-2015,0.45
05-03-2015,0.58
06-03-2015,0.82
07-03-2015,1.09
08-03-2015,1.16
09-03-2015,1.13
10-03-2015,1.03
11-03-2015,0.71
12-03-2015,0.2
13-03-2015,0.0
14-03-2015,0.03
15-03-2015,0.14
16-03-2015,0.24
17-03-2015,0.32
18-03-2015,0.35
19-03-2015,0.53
20-03-2015,0.81
21-03-2015,0.93
22-03-2015,0.94
23-03-2015,0.86
24-03-2015,0.75
25-03-2015,0.59
26-03-2015,0.59
27-03-2015,0.33
28-03-2015,0.23
29-03-2015,0.22
30-03-2015,0.13
31-03-2015,0.05
01-04-2015,0.08
02-04-2015,0.15
03-04-2015,0.24
04-04-2015,0.47
05-04-2015,0.9
06-04-2015,1.08
07-04-2015,1.1
08-04-2015,1.0
09-04-2015,0.79
10-04-2015,0.0
11-04-2015,0.0
12-04-2015,0.0
13-04-2015,0.0
14-04-2015,0.0
15-04-2015,0.0
16-04-2015,0.0
17-04-2015,0.28
18-04-2015,0.61
19-04-2015,0.85
20-04-2015,0.98
21-04-2015,0.97
22-04-2015,0.86
23-04-2015,0.69
24-04-2015,0.41
25-04-2015,0.0
26-04-2015,0.0
27-04-2015,0.0
28-04-2015,0.0
29-04-2015,0.0
30-04-2015,0.0
01-05-2015,0.0
02-05-2015,0.01
03-05-2015,0.36
04-05-2015,0.83
05-05-2015,0.98
06-05-2015,1.01
07-05-2015,0.92
08-05-2015,0.71
09-05-2015,0.01
10-05-2015,0.0
11-05-2015,0.0
12-05-2015,0.0
13-05-2015,0.0
14-05-2015,0.0
15-05-2015,0.0
16-05-2015,0.26
17-05-2015,0.65
18-05-2015,0.91
19-05-2015,0.97
20-05-2015,0.97
21-05-2015,0.88
22-05-2015,0.69
23-05-2015,0.43
24-05-2015,0.12
25-05-2015,0.0
26-05-2015,0.0
27-05-2015,0.0
28-05-2015,0.0
29-05-2015,0.0
30-05-2015,0.0
31-05-2015,0.07
01-06-2015,0.77
02-06-2015,0.71
03-06-2015,0.6
04-06-2015,0.31
05-06-2015,0.0
06-06-2015,0.0
07-06-2015,0.0
08-06-2015,0.0
09-06-2015,0.0
10-06-2015,0.02
11-06-2015,0.2
12-06-2015,0.44
13-06-2015,0.81
14-06-2015,0.91
15-06-2015,0.93
16-06-2015,0.84
17-06-2015,0.65
18-06-2015,0.38
19-06-2015,0.0
20-06-2015,0.0
21-06-2015,0.0
22-06-2015,0.0
23-06-2015,0.0
24-06-2015,0.0
25-06-2015,0.0
26-06-2015,0.2
27-06-2015,0.56
28-06-2015,0.83
29-06-2015,1.03
30-06-2015,1.01
01-07-2015,0.9
02-07-2015,0.72
03-07-2015,0.38
04-07-2015,0.0
05-07-2015,0.0
06-07-2015,0.0
07-07-2015,0.0
08-07-2015,0.0
09-07-2015,0.0
10-07-2015,0.06
11-07-2015,0.34
12-07-2015,0.79
13-07-2015,1.03
14-07-2015,1.12
15-07-2015,1.04
16-07-2015,0.9
17-07-2015,0.68
18-07-2015,0.27
19-07-2015,0.16
20-07-2015,0.18
21-07-2015,0.22
22-07-2015,0.2
23-07-2015,0.24
24-07-2015,0.35
25-07-2015,0.54
26-07-2015,0.75
27-07-2015,1.0
28-07-2015,1.29
29-07-2015,1.41
30-07-2015,1.45
31-07-2015,1.38
01-08-2015,1.23
02-08-2015,1.02
03-08-2015,0.98
04-08-2015,1.07
05-08-2015,1.13
06-08-2015,1.23
07-08-2015,1.28
08-08-2015,1.38
09-08-2015,1.47
10-08-2015,1.62
11-08-2015,1.79
12-08-2015,1.82
13-08-2015,1.8
14-08-2015,1.76
15-08-2015,1.63
16-08-2015,1.5
17-08-2015,1.39
18-08-2015,1.32
19-08-2015,1.27
20-08-2015,1.24
21-08-2015,1.18
22-08-2015,1.13
23-08-2015,1.07
24-08-2015,1.07
25-08-2015,1.21
26-08-2015,1.44
27-08-2015,1.65
28-08-2015,1.8
29-08-2015,1.81
30-08-2015,1.68
31-08-2015,1.43
01-09-2015,1.19
02-09-2015,1.18
03-09-2015,1.25
04-09-2015,1.35
05-09-2015,1.42
06-09-2015,1.48
07-09-2015,1.55
08-09-2015,1.65
09-09-2015,1.81
10-09-2015,1.84
11-09-2015,1.83
12-09-2015,1.85
13-09-2015,1.82
14-09-2015,1.8
15-09-2015,1.66
16-09-2015,1.64
17-09-2015,1.73
18-09-2015,1.74
19-09-2015,1.75
20-09-2015,1.77
21-09-2015,1.8
22-09-2015,1.78
23-09-2015,1.8
24-09-2015,1.86
25-09-2015,1.99
26-09-2015,2.09
27-09-2015,2.11
28-09-2015,2.12
29-09-2015,2.01
30-09-2015,1.87
01-10-2015,1.7
02-10-2015,1.65
03-10-2015,1.67
04-10-2015,1.68
05-10-2015,1.7
06-10-2015,1.75
07-10-2015,1.87
08-10-2015,1.97
09-10-2015,2.03
10-10-2015,2.06
11-10-2015,2.03
12-10-2015,1.97
13-10-2015,1.99
14-10-2015,2.0
15-10-2015,2.0
16-10-2015,1.91
17-10-2015,1.89
18-10-2015,1.87
19-10-2015,1.83
20-10-2015,1.82
21-10-2015,1.81
22-10-2015,1.83
23-10-2015,2.01
24-10-2015,2.1
25-10-2015,2.21
26-10-2015,2.31
27-10-2015,2.31
28-10-2015,2.29
29-10-2015,2.12
30-10-2015,1.91
31-10-2015,1.7
01-11-2015,1.57
02-11-2015,1.54
03-11-2015,1.52
04-11-2015,1.56
05-11-2015,1.59
06-11-2015,1.64
07-11-2015,1.73
08-11-2015,1.79
09-11-2015,1.79
10-11-2015,1.84
11-11-2015,1.84
12-11-2015,1.71
13-11-2015,1.62
14-11-2015,1.51
15-11-2015,1.38
16-11-2015,1.22
17-11-2015,1.16
18-11-2015,1.13
19-11-2015,1.17
20-11-2015,1.25
21-11-2015,1.35
22-11-2015,1.44
23-11-2015,1.58
24-11-2015,1.78
25-11-2015,1.87
26-11-2015,1.88
27-11-2015,1.89
28-11-2015,1.64
29-11-2015,1.38
30-11-2015,1.14
01-12-2015,1.15
02-12-2015,1.1
03-12-2015,1.09
04-12-2015,1.17
05-12-2015,1.22
06-12-2015,1.19
07-12-2015,1.35
08-12-2015,1.48
09-12-2015,1.53
10-12-2015,1.57
11-12-2015,1.63
12-12-2015,1.65
13-12-2015,1.56
14-12-2015,1.39
15-12-2015,1.15
16-12-2015,0.87
17-12-2015,0.86
18-12-2015,0.97
19-12-2015,0.94
20-12-2015,0.94
21-12-2015,1.04
22-12-2015,1.26
23-12-2015,1.49
24-12-2015,1.65
25-12-2015,1.66
26-12-2015,1.67
27-12-2015,1.51
28-12-2015,1.35
29-12-2015,1.01
30-12-2015,0.78
31-12-2015,0.73
01-01-2016,1.43
02-01-2016,1.29
03-01-2016,1.12
04-01-2016,1.12
05-01-2016,1.08
06-01-2016,1.11
07-01-2016,1.15
08-01-2016,1.21
09-01-2016,1.34
10-01-2016,1.54
11-01-2016,1.72
12-01-2016,1.78
13-01-2016,1.76
14-01-2016,1.65
15-01-2016,1.41
16-01-2016,1.03
17-01-2016,0.88
18-01-2016,0.89
19-01-2016,0.85
20-01-2016,0.9
21-01-2016,1.06
22-01-2016,1.09
23-01-2016,1.25
24-01-2016,1.19
25-01-2016,1.33
26-01-2016,1.43
27-01-2016,1.74
28-01-2016,1.73
29-01-2016,1.57
30-01-2016,1.37
31-01-2016,1.15
01-02-2016,0.63
02-02-2016,0.47
03-02-2016,0.52
04-02-2016,0.59
05-02-2016,0.66
06-02-2016,0.82
07-02-2016,0.94
08-02-2016,1.1
09-02-2016,1.38
10-02-2016,1.52
11-02-2016,1.66
12-02-2016,1.6
13-02-2016,1.42
14-02-2016,1.03
15-02-2016,0.67
16-02-2016,0.49
17-02-2016,0.43
18-02-2016,0.47
19-02-2016,0.51
20-02-2016,0.47
21-02-2016,0.5
22-02-2016,0.65
23-02-2016,0.8
24-02-2016,1.03
25-02-2016,1.27
26-02-2016,1.42
27-02-2016,1.45
28-02-2016,1.37
01-03-2016,1.01
02-03-2016,0.7
03-03-2016,0.47
04-03-2016,0.43
05-03-2016,0.39
06-03-2016,0.41
07-03-2016,0.53
08-03-2016,0.67
09-03-2016,0.88
10-03-2016,1.19
11-03-2016,1.33
12-03-2016,1.3
13-03-2016,1.19
14-03-2016,1.0
15-03-2016,0.48
16-03-2016,0.13
17-03-2016,0.07
18-03-2016,0.09
19-03-2016,0.09
20-03-2016,0.14
21-03-2016,0.19
22-03-2016,0.26
23-03-2016,0.35
24-03-2016,0.49
25-03-2016,0.79
26-03-2016,1.15
27-03-2016,1.37
28-03-2016,1.42
29-03-2016,1.35
30-03-2016,1.02
31-03-2016,0.34
01-04-2016,0.13
02-04-2016,0.22
03-04-2016,0.34
04-04-2016,0.44
05-04-2016,0.56
06-04-2016,0.57
07-04-2016,0.75
08-04-2016,1.1
09-04-2016,1.25
10-04-2016,1.24
11-04-2016,1.12
12-04-2016,0.9
13-04-2016,0.61
14-04-2016,0.18
15-04-2016,0.0
16-04-2016,0.0
17-04-2016,0.03
18-04-2016,0.0
19-04-2016,0.0
20-04-2016,0.0
21-04-2016,0.0
22-04-2016,0.1
23-04-2016,0.53
24-04-2016,0.92
25-04-2016,1.08
26-04-2016,1.12
27-04-2016,1.04
28-04-2016,0.72
29-04-2016,0.09
30-04-2016,0.0
01-05-2016,0.02
02-05-2016,0.1
03-05-2016,0.11
04-05-2016,0.07
05-05-2016,0.21
06-05-2016,0.47
07-05-2016,0.86
08-05-2016,1.09
09-05-2016,1.14
10-05-2016,1.09
11-05-2016,1.0
12-05-2016,0.8
13-05-2016,0.43
14-05-2016,0.09
15-05-2016,0.01
16-05-2016,0.0
17-05-2016,0.0
18-05-2016,0.0
19-05-2016,0.0
20-05-2016,0.0
21-05-2016,0.21
22-05-2016,0.52
23-05-2016,1.01
24-05-2016,1.23
25-05-2016,1.3
26-05-2016,1.23
27-05-2016,0.94
28-05-2016,0.33
29-05-2016,0.32
30-05-2016,0.43
31-05-2016,0.55
01-06-2016,0.38
02-06-2016,0.81
03-06-2016,1.02
04-06-2016,1.03
05-06-2016,0.89
06-06-2016,0.67
07-06-2016,0.0
08-06-2016,0.0
09-06-2016,0.0
10-06-2016,0.05
11-06-2016,0.08
12-06-2016,0.08
13-06-2016,0.12
14-06-2016,0.19
15-06-2016,0.1
16-06-2016,0.73
17-06-2016,0.85
18-06-2016,0.9
19-06-2016,0.8
20-06-2016,0.77
21-06-2016,0.61
22-06-2016,0.06
23-06-2016,0.0
24-06-2016,0.0
25-06-2016,0.0
26-06-2016,0.0
27-06-2016,0.0
28-06-2016,0.11
29-06-2016,0.39
30-06-2016,0.72
01-07-2016,1.14
02-07-2016,1.52
03-07-2016,1.07
04-07-2016,1.39
05-07-2016,1.03
06-07-2016,0.51
07-07-2016,0.23
08-07-2016,0.35
09-07-2016,0.41
10-07-2016,0.52
11-07-2016,0.6
12-07-2016,0.68
13-07-2016,0.78
14-07-2016,0.95
15-07-2016,1.1
16-07-2016,1.31
17-07-2016,1.42
18-07-2016,1.45
19-07-2016,1.38
20-07-2016,1.26
21-07-2016,0.97
22-07-2016,0.72
23-07-2016,0.66
24-07-2016,0.67
25-07-2016,0.68
26-07-2016,0.66
27-07-2016,0.67
28-07-2016,0.74
29-07-2016,0.95
30-07-2016,1.24
31-07-2016,1.45
01-08-2016,1.52
02-08-2016,1.39
03-08-2016,1.12
04-08-2016,0.84
05-08-2016,0.56
06-08-2016,0.61
07-08-2016,0.71
08-08-2016,0.68
09-08-2016,0.69
10-08-2016,0.64
11-08-2016,0.63
12-08-2016,0.75
13-08-2016,0.92
14-08-2016,1.19
15-08-2016,1.37
16-08-2016,1.47
17-08-2016,1.49
18-08-2016,1.43
19-08-2016,1.29
20-08-2016,1.11
21-08-2016,1.01
22-08-2016,1.1
23-08-2016,1.18
24-08-2016,1.31
25-08-2016,1.31
26-08-2016,1.51
27-08-2016,1.6
28-08-2016,1.74
29-08-2016,1.89
30-08-2016,1.97
31-08-2016,1.91
01-09-2016,1.77
02-09-2016,1.64
03-09-2016,1.42
04-09-2016,1.35
05-09-2016,1.31
06-09-2016,1.31
07-09-2016,1.33
08-09-2016,1.37
09-09-2016,1.43
10-09-2016,1.48
11-09-2016,1.56
12-09-2016,1.74
13-09-2016,1.81
14-09-2016,1.98
15-09-2016,2.04
16-09-2016,2.11
17-09-2016,2.07
18-09-2016,2.03
19-09-2016,1.94
20-09-2016,1.96
21-09-2016,2.0
22-09-2016,2.1
23-09-2016,2.12
24-09-2016,0.0
25-09-2016,0.0
26-09-2016,0.0
27-09-2016,2.39
28-09-2016,2.43
29-09-2016,2.42
30-09-2016,2.39
01-10-2016,2.33
02-10-2016,2.28
03-10-2016,2.28
04-10-2016,2.25
05-10-2016,2.22
06-10-2016,2.2
07-10-2016,2.19
08-10-2016,2.19
09-10-2016,2.19
10-10-2016,2.25
11-10-2016,2.35
12-10-2016,2.47
13-10-2016,2.5
14-10-2016,2.68
15-10-2016,2.71
16-10-2016,2.7
17-10-2016,2.68
18-10-2016,2.6
19-10-2016,2.53
20-10-2016,2.46
21-10-2016,2.43
22-10-2016,2.4
23-10-2016,2.34
24-10-2016,2.34
25-10-2016,2.42
26-10-2016,2.47
27-10-2016,2.51
28-10-2016,2.52
29-10-2016,2.51
30-10-2016,2.52
31-10-2016,2.42
01-11-2016,2.32
02-11-2016,2.28
03-11-2016,2.23
04-11-2016,2.15
05-11-2016,2.09
06-11-2016,2.07
07-11-2016,2.09
08-11-2016,2.1
09-11-2016,2.16
10-11-2016,2.27
11-11-2016,2.33
12-11-2016,2.39
13-11-2016,2.44
14-11-2016,2.49
15-11-2016,2.47
16-11-2016,2.34
17-11-2016,2.15
18-11-2016,1.97
19-11-2016,1.9
20-11-2016,1.88
21-11-2016,1.88
22-11-2016,1.89
23-11-2016,1.93
24-11-2016,2.0
25-11-2016,2.05
26-11-2016,2.11
27-11-2016,2.1
28-11-2016,2.13
29-11-2016,2.08
30-11-2016,2.0
01-12-2016,1.88
02-12-2016,1.84
03-12-2016,1.75
04-12-2016,1.63
05-12-2016,1.55
06-12-2016,1.52
07-12-2016,1.52
08-12-2016,1.56
09-12-2016,1.62
10-12-2016,1.65
11-12-2016,1.79
12-12-2016,1.9
13-12-2016,1.89
14-12-2016,2.03
15-12-2016,2.06
16-12-2016,1.89
17-12-2016,1.64
18-12-2016,1.41
19-12-2016,1.35
20-12-2016,1.37
21-12-2016,1.42
22-12-2016,1.43
23-12-2016,1.46
24-12-2016,1.47
25-12-2016,1.49
26-12-2016,1.57
27-12-2016,1.62
28-12-2016,1.79
29-12-2016,1.7
30-12-2016,1.75
31-12-2016,1.57
01-01-2017,1.9
02-01-2017,1.93
03-01-2017,1.93
04-01-2017,1.79
05-01-2017,1.47
06-01-2017,1.0
07-01-2017,0.93
08-01-2017,0.9
09-01-2017,0.89
10-01-2017,1.02
11-01-2017,1.16
12-01-2017,1.24
13-01-2017,1.28
14-01-2017,1.38
15-01-2017,1.48
16-01-2017,1.59
17-01-2017,1.58
18-01-2017,1.56
19-01-2017,1.43
20-01-2017,1.16
21-01-2017,0.96
22-01-2017,0.74
23-01-2017,0.72
24-01-2017,0.75
25-01-2017,0.78
26-01-2017,0.85
27-01-2017,0.93
28-01-2017,1.07
29-01-2017,1.21
30-01-2017,1.54
31-01-2017,1.77
01-02-2017,1.8
02-02-2017,1.76
03-02-2017,1.52
04-02-2017,1.1
05-02-2017,0.79
06-02-2017,0.68
07-02-2017,0.71
08-02-2017,0.71
09-02-2017,0.78
10-02-2017,0.72
11-02-2017,0.76
12-02-2017,1.0
13-02-2017,1.26
14-02-2017,1.37
15-02-2017,1.35
16-02-2017,1.3
17-02-2017,1.23
18-02-2017,1.05
19-02-2017,0.8
20-02-2017,0.33
21-02-2017,0.21
22-02-2017,0.21
23-02-2017,0.36
24-02-2017,0.5
25-02-2017,0.57
26-02-2017,0.79
27-02-2017,1.06
28-02-2017,1.26
01-03-2017,1.45
02-03-2017,1.44
03-03-2017,1.32
04-03-2017,0.96
05-03-2017,0.3
06-03-2017,0.02
07-03-2017,0.05
08-03-2017,0.13
09-03-2017,0.23
10-03-2017,0.4
11-03-2017,0.68
12-03-2017,0.6
13-03-2017,0.72
14-03-2017,0.84
15-03-2017,1.09
16-03-2017,1.18
17-03-2017,1.17
18-03-2017,1.14
19-03-2017,0.94
20-03-2017,0.55
21-03-2017,0.0
22-03-2017,0.0
23-03-2017,0.21
24-03-2017,0.29
25-03-2017,0.32
26-03-2017,0.37
27-03-2017,0.6
28-03-2017,0.83
29-03-2017,1.13
30-03-2017,1.27
31-03-2017,1.26
01-04-2017,1.19
02-04-2017,1.03
03-04-2017,0.52
04-04-2017,0.0
05-04-2017,0.0
06-04-2017,0.0
07-04-2017,0.0
08-04-2017,0.26
09-04-2017,0.29
10-04-2017,0.35
11-04-2017,0.38
12-04-2017,0.59
13-04-2017,0.9
14-04-2017,1.09
15-04-2017,1.11
16-04-2017,1.09
17-04-2017,1.09
18-04-2017,0.78
19-04-2017,0.08
20-04-2017,0.0
21-04-2017,0.03
22-04-2017,0.06
23-04-2017,0.09
24-04-2017,0.1
25-04-2017,0.19
26-04-2017,0.55
27-04-2017,0.98
28-04-2017,1.17
29-04-2017,1.15
30-04-2017,1.05
01-05-2017,0.84
02-05-2017,0.37
03-05-2017,0.0
04-05-2017,0.0
05-05-2017,0.0
06-05-2017,0.0
07-05-2017,0.0
08-05-2017,0.0
09-05-2017,0.0
10-05-2017,0.05
11-05-2017,0.31
12-05-2017,0.76
13-05-2017,1.11
14-05-2017,1.18
15-05-2017,1.24
16-05-2017,1.11
17-05-2017,0.76
18-05-2017,0.04
19-05-2017,0.0
20-05-2017,0.01
21-05-2017,0.07
22-05-2017,0.11
23-05-2017,0.17
24-05-2017,0.37
25-05-2017,0.67
26-05-2017,1.13
27-05-2017,1.25
28-05-2017,1.22
29-05-2017,1.13
30-05-2017,0.94
31-05-2017,0.57
01-06-2017,0.62
02-06-2017,0.58
03-06-2017,0.56
04-06-2017,0.66
05-06-2017,0.85
06-06-2017,1.11
07-06-2017,1.08
08-06-2017,1.21
09-06-2017,1.13
10-06-2017,0.95
11-06-2017,0.54
12-06-2017,0.26
13-06-2017,0.25
14-06-2017,0.34
15-06-2017,0.4
16-06-2017,0.45
17-06-2017,0.51
18-06-2017,0.53
19-06-2017,0.61
20-06-2017,0.78
21-06-2017,1.16
22-06-2017,1.47
23-06-2017,1.54
24-06-2017,1.36
25-06-2017,0.98
26-06-2017,0.49
27-06-2017,0.57
28-06-2017,0.69
29-06-2017,0.7
30-06-2017,0.69
01-07-2017,0.67
02-07-2017,0.67
03-07-2017,0.72
04-07-2017,0.94
05-07-2017,1.17
06-07-2017,1.3
07-07-2017,1.35
08-07-2017,1.2
09-07-2017,1.03
10-07-2017,0.75
11-07-2017,0.61
12-07-2017,0.65
13-07-2017,0.69
14-07-2017,0.78
15-07-2017,0.85
16-07-2017,0.84
17-07-2017,0.98
18-07-2017,1.17
19-07-2017,1.43
20-07-2017,1.66
21-07-2017,1.93
22-07-2017,2.03
23-07-2017,2.02
24-07-2017,1.83
25-07-2017,1.59
26-07-2017,1.56
27-07-2017,1.71
28-07-2017,1.81
29-07-2017,1.89
30-07-2017,1.94
31-07-2017,1.99
01-08-2017,2.05
02-08-2017,2.1
03-08-2017,2.18
04-08-2017,2.23
05-08-2017,2.31
06-08-2017,2.32
07-08-2017,2.33
08-08-2017,2.29
09-08-2017,2.23
10-08-2017,2.23
11-08-2017,2.24
12-08-2017,2.29
13-08-2017,2.31
14-08-2017,2.33
15-08-2017,2.34
16-08-2017,2.32
17-08-2017,2.33
18-08-2017,2.41
19-08-2017,2.54
20-08-2017,2.59
21-08-2017,2.57
22-08-2017,2.45
23-08-2017,2.28
24-08-2017,2.22
25-08-2017,2.22
26-08-2017,2.25
27-08-2017,2.29
28-08-2017,2.29
29-08-2017,2.31
30-08-2017,2.35
31-08-2017,2.37
01-09-2017,2.44
02-09-2017,2.47
03-09-2017,2.51
04-09-2017,2.54
05-09-2017,2.53
06-09-2017,2.51
07-09-2017,2.49
08-09-2017,2.43
09-09-2017,2.41
10-09-2017,2.45
11-09-2017,2.48
12-09-2017,2.46
13-09-2017,2.48
14-09-2017,2.49
15-09-2017,2.51
16-09-2017,2.6
17-09-2017,2.66
18-09-2017,2.71
19-09-2017,2.72
20-09-2017,2.72
21-09-2017,2.67
22-09-2017,2.61
23-09-2017,2.6
24-09-2017,2.58
25-09-2017,2.56
26-09-2017,2.56
27-09-2017,2.57
28-09-2017,2.57
29-09-2017,2.6
30-09-2017,2.62
01-10-2017,2.67
02-10-2017,2.73
03-10-2017,2.75
04-10-2017,2.82
05-10-2017,2.85
06-10-2017,2.85
07-10-2017,2.82
08-10-2017,2.78
09-10-2017,2.8
10-10-2017,2.81
11-10-2017,2.8
12-10-2017,2.78
13-10-2017,2.79
14-10-2017,2.77
15-10-2017,2.82
16-10-2017,2.85
17-10-2017,2.9
18-10-2017,2.94
19-10-2017,2.9
20-10-2017,2.89
21-10-2017,2.88
22-10-2017,2.82
23-10-2017,2.75
24-10-2017,2.71
25-10-2017,2.69
26-10-2017,2.64
27-10-2017,2.59
28-10-2017,2.56
29-10-2017,2.53
30-10-2017,2.57
31-10-2017,2.57
01-11-2017,2.51
02-11-2017,2.55
03-11-2017,2.56
04-11-2017,2.55
05-11-2017,2.5
06-11-2017,2.4
07-11-2017,2.31
08-11-2017,2.2
09-11-2017,2.22
10-11-2017,2.25
11-11-2017,2.26
12-11-2017,2.28
13-11-2017,2.3
14-11-2017,2.36
15-11-2017,2.37
16-11-2017,2.4
17-11-2017,2.36
18-11-2017,2.27
19-11-2017,2.2
20-11-2017,2.09
21-11-2017,1.97
22-11-2017,1.88
23-11-2017,1.83
24-11-2017,1.83
25-11-2017,1.81
26-11-2017,1.81
27-11-2017,1.82
28-11-2017,1.89
29-11-2017,1.86
30-11-2017,1.9
01-12-2017,2.06
02-12-2017,2.13
03-12-2017,2.16
04-12-2017,2.18
05-12-2017,2.17
06-12-2017,2.07
07-12-2017,1.79
08-12-2017,1.63
09-12-2017,1.69
10-12-2017,1.64
11-12-2017,1.62
12-12-2017,1.7
13-12-2017,1.71
14-12-2017,1.76
15-12-2017,1.77
16-12-2017,1.86
17-12-2017,1.95
18-12-2017,1.88
19-12-2017,1.86
20-12-2017,1.77
21-12-2017,1.51
22-12-2017,1.36
23-12-2017,1.31
24-12-2017,1.31
25-12-2017,1.23
26-12-2017,1.39
27-12-2017,1.21
28-12-2017,1.29
29-12-2017,1.37
30-12-2017,1.49
31-12-2017,1.69
01-01-2018,1.28
02-01-2018,1.39
03-01-2018,1.61
04-01-2018,1.71
05-01-2018,1.79
06-01-2018,1.71
07-01-2018,1.67
08-01-2018,1.5
09-01-2018,1.31
10-01-2018,1.05
11-01-2018,0.87
12-01-2018,0.83
13-01-2018,0.87
14-01-2018,0.89
15-01-2018,0.93
16-01-2018,0.93
17-01-2018,1.12
18-01-2018,1.34
19-01-2018,1.5
20-01-2018,1.7
21-01-2018,1.89
22-01-2018,1.89
23-01-2018,1.83
24-01-2018,1.59
25-01-2018,1.03
26-01-2018,0.81
27-01-2018,0.84
28-01-2018,0.9
29-01-2018,0.92
30-01-2018,1.02
31-01-2018,1.15
01-02-2018,1.23
02-02-2018,1.41
03-02-2018,1.46
04-02-2018,1.43
05-02-2018,1.41
06-02-2018,1.31
07-02-2018,1.14
08-02-2018,0.83
09-02-2018,0.45
10-02-2018,0.27
11-02-2018,0.29
12-02-2018,0.39
13-02-2018,0.5
14-02-2018,0.61
15-02-2018,0.74
16-02-2018,0.84
17-02-2018,1.07
18-02-2018,1.37
19-02-2018,1.55
20-02-2018,1.53
21-02-2018,1.41
22-02-2018,1.09
23-02-2018,0.37
24-02-2018,0.19
25-02-2018,0.21
26-02-2018,0.33
27-02-2018,0.43
28-02-2018,0.54
01-03-2018,0.56
02-03-2018,0.74
03-03-2018,0.87
04-03-2018,1.12
05-03-2018,1.21
06-03-2018,1.2
07-03-2018,1.11
08-03-2018,1.03
09-03-2018,0.77
10-03-2018,0.33
11-03-2018,0.06
12-03-2018,0.06
13-03-2018,0.11
14-03-2018,0.23
15-03-2018,0.26
16-03-2018,0.45
17-03-2018,0.65
18-03-2018,0.94
19-03-2018,1.31
20-03-2018,1.53
21-03-2018,1.48
22-03-2018,1.31
23-03-2018,0.9
24-03-2018,0.24
25-03-2018,0.17
26-03-2018,0.19
27-03-2018,0.3
28-03-2018,0.25
29-03-2018,0.22
30-03-2018,0.25
31-03-2018,0.34
01-04-2018,0.55
02-04-2018,0.99
03-04-2018,1.15
04-04-2018,1.2
05-04-2018,1.21
06-04-2018,1.14
07-04-2018,0.0
08-04-2018,0.0
09-04-2018,0.0
10-04-2018,0.0
11-04-2018,0.0
12-04-2018,0.04
13-04-2018,0.11
14-04-2018,0.13
15-04-2018,0.3
16-04-2018,0.62
17-04-2018,1.11
18-04-2018,1.32
19-04-2018,1.31
20-04-2018,1.16
21-04-2018,0.79
22-04-2018,0.2
23-04-2018,0.0
24-04-2018,0.0
25-04-2018,0.01
26-04-2018,0.0
27-04-2018,0.0
28-04-2018,0.01
29-04-2018,0.1
30-04-2018,0.35
01-05-2018,0.67
02-05-2018,0.94
03-05-2018,1.02
04-05-2018,0.97
05-05-2018,0.89
06-05-2018,0.68
07-05-2018,0.39
08-05-2018,0.0
09-05-2018,0.0
10-05-2018,0.0
11-05-2018,0.0
12-05-2018,0.05
13-05-2018,0.17
14-05-2018,0.31
15-05-2018,0.66
16-05-2018,1.13
17-05-2018,1.17
18-05-2018,1.1
19-05-2018,0.93
20-05-2018,0.63
21-05-2018,0.0
22-05-2018,0.0
23-05-2018,0.0
24-05-2018,0.0
25-05-2018,0.0
26-05-2018,0.0
27-05-2018,0.0
28-05-2018,0.0
29-05-2018,0.0
30-05-2018,0.0
31-05-2018,0.0
01-06-2018,0.03
02-06-2018,0.0
03-06-2018,0.0
04-06-2018,0.0
05-06-2018,0.0
06-06-2018,0.0
07-06-2018,0.04
08-06-2018,0.13
09-06-2018,0.2
10-06-2018,0.63
11-06-2018,1.1
12-06-2018,1.29
13-06-2018,1.27
14-06-2018,1.13
15-06-2018,0.71
16-06-2018,0.33
17-06-2018,0.24
18-06-2018,0.32
19-06-2018,0.37
20-06-2018,0.51
21-06-2018,0.63
22-06-2018,0.71
23-06-2018,0.81
24-06-2018,1.05
25-06-2018,1.25
26-06-2018,1.29
27-06-2018,1.2
28-06-2018,1.04
29-06-2018,0.73
30-06-2018,0.33
01-07-2018,0.15
02-07-2018,0.13
03-07-2018,0.11
04-07-2018,0.16
05-07-2018,0.17
06-07-2018,0.21
07-07-2018,0.28
08-07-2018,0.36
09-07-2018,0.73
10-07-2018,1.11
11-07-2018,1.35
12-07-2018,1.46
13-07-2018,1.51
14-07-2018,1.38
15-07-2018,1.03
16-07-2018,1.05
17-07-2018,1.15
18-07-2018,1.29
19-07-2018,1.45
20-07-2018,1.55
21-07-2018,1.64
22-07-2018,1.77
23-07-2018,1.87
24-07-2018,1.97
25-07-2018,2.0
26-07-2018,1.98
27-07-2018,1.94
28-07-2018,1.91
29-07-2018,1.85
30-07-2018,1.89
31-07-2018,1.95
01-08-2018,2.04
02-08-2018,2.13
03-08-2018,2.14
04-08-2018,2.23
05-08-2018,2.29
06-08-2018,2.35
07-08-2018,2.45
08-08-2018,2.58
09-08-2018,2.71
10-08-2018,2.81
11-08-2018,2.83
12-08-2018,2.83
13-08-2018,2.79
14-08-2018,2.83
15-08-2018,2.9
16-08-2018,2.94
17-08-2018,2.97
18-08-2018,3.01
19-08-2018,3.1
20-08-2018,3.13
21-08-2018,3.14
22-08-2018,3.21
23-08-2018,3.22
24-08-2018,3.26
25-08-2018,3.28
26-08-2018,3.27
27-08-2018,3.28
28-08-2018,3.28
29-08-2018,3.31
30-08-2018,3.34
31-08-2018,3.37
01-09-2018,3.4
02-09-2018,3.43
03-09-2018,3.47
04-09-2018,3.48
05-09-2018,3.49
06-09-2018,3.53
07-09-2018,3.58
08-09-2018,3.61
09-09-2018,3.6
10-09-2018,3.58
11-09-2018,3.53
12-09-2018,3.49
13-09-2018,3.49
14-09-2018,3.5
15-09-2018,3.51
16-09-2018,3.52
17-09-2018,3.52
18-09-2018,3.5
19-09-2018,3.5
20-09-2018,3.54
21-09-2018,3.57
22-09-2018,3.58
23-09-2018,3.57
24-09-2018,3.57
25-09-2018,3.53
26-09-2018,3.53
27-09-2018,3.47
28-09-2018,3.44
29-09-2018,3.42
30-09-2018,3.42
01-10-2018,3.41
02-10-2018,3.39
03-10-2018,3.42
04-10-2018,3.42
05-10-2018,3.44
06-10-2018,3.48
07-10-2018,3.46
08-10-2018,3.42
09-10-2018,3.34
10-10-2018,3.26
11-10-2018,3.15
12-10-2018,3.05
13-10-2018,2.97
14-10-2018,2.88
15-10-2018,2.78
16-10-2018,2.67
17-10-2018,2.57
18-10-2018,2.5
19-10-2018,2.49
20-10-2018,2.54
21-10-2018,2.51
22-10-2018,2.47
23-10-2018,2.51
24-10-2018,2.54
25-10-2018,2.47
26-10-2018,2.38
27-10-2018,2.27
28-10-2018,2.21
29-10-2018,2.12
30-10-2018,2.09
31-10-2018,2.07
01-11-2018,2.03
02-11-2018,2.09
03-11-2018,2.18
04-11-2018,2.23
05-11-2018,2.35
06-11-2018,2.37
07-11-2018,2.36
08-11-2018,2.23
09-11-2018,2.09
10-11-2018,1.98
11-11-2018,1.81
12-11-2018,1.68
13-11-2018,1.65
14-11-2018,1.67
15-11-2018,1.69
16-11-2018,1.68
17-11-2018,1.66
18-11-2018,1.75
19-11-2018,1.84
20-11-2018,1.95
21-11-2018,2.01
22-11-2018,2.05
23-11-2018,2.04
24-11-2018,1.9
25-11-2018,1.65
26-11-2018,1.46
27-11-2018,1.43
28-11-2018,1.37
29-11-2018,1.43
30-11-2018,1.47
01-12-2018,1.52
02-12-2018,1.55
03-12-2018,1.67
04-12-2018,1.83
05-12-2018,1.93
06-12-2018,1.93
07-12-2018,1.85
08-12-2018,1.77
09-12-2018,1.66
10-12-2018,1.49
11-12-2018,1.38
12-12-2018,1.35
13-12-2018,1.35
14-12-2018,1.33
15-12-2018,1.31
16-12-2018,1.34
17-12-2018,1.45
18-12-2018,1.49
19-12-2018,1.53
20-12-2018,1.57
21-12-2018,1.67
22-12-2018,1.8
23-12-2018,1.82
24-12-2018,1.74
25-12-2018,1.64
26-12-2018,1.35
27-12-2018,1.03
28-12-2018,1.0
29-12-2018,1.07
30-12-2018,1.09
31-12-2018,1.2
01-01-2019,0.79
02-01-2019,0.79
03-01-2019,0.77
04-01-2019,0.81
05-01-2019,0.89
06-01-2019,0.82
07-01-2019,0.94
08-01-2019,1.14
09-01-2019,1.34
10-01-2019,1.48
11-01-2019,1.52
12-01-2019,1.47
13-01-2019,1.48
14-01-2019,1.32
15-01-2019,0.85
16-01-2019,0.44
17-01-2019,0.36
18-01-2019,0.56
19-01-2019,0.64
20-01-2019,0.78
21-01-2019,0.93
22-01-2019,1.06
23-01-2019,1.26
24-01-2019,1.3
25-01-2019,1.31
26-01-2019,1.2
27-01-2019,0.98
28-01-2019,0.8
29-01-2019,0.48
30-01-2019,0.25
31-01-2019,0.42
01-02-2019,0.0
02-02-2019,0.46
03-02-2019,0.37
04-02-2019,0.44
05-02-2019,0.62
06-02-2019,0.91
07-02-2019,1.07
08-02-2019,1.33
09-02-2019,1.49
10-02-2019,1.57
11-02-2019,1.45
12-02-2019,1.09
13-02-2019,0.37
14-02-2019,0.04
15-02-2019,0.07
16-02-2019,0.1
17-02-2019,0.16
18-02-2019,0.52
19-02-2019,0.84
20-02-2019,1.02
21-02-2019,1.27
22-02-2019,1.41
23-02-2019,1.41
24-02-2019,1.4
25-02-2019,1.3
26-02-2019,1.01
27-02-2019,0.7
28-02-2019,0.38
01-03-2019,0.06
02-03-2019,0.0
03-03-2019,0.06
04-03-2019,0.14
05-03-2019,0.21
06-03-2019,0.42
07-03-2019,0.7
08-03-2019,1.03
09-03-2019,1.24
10-03-2019,1.22
11-03-2019,1.09
12-03-2019,0.75
13-03-2019,0.0
14-03-2019,0.0
15-03-2019,0.0
16-03-2019,0.07
17-03-2019,0.16
18-03-2019,0.2
19-03-2019,0.31
20-03-2019,0.51
21-03-2019,0.81
22-03-2019,1.01
23-03-2019,1.02
24-03-2019,0.97
25-03-2019,0.9
26-03-2019,0.76
27-03-2019,0.36
28-03-2019,0.0
29-03-2019,0.0
30-03-2019,0.0
31-03-2019,0.0
01-04-2019,0.0
02-04-2019,0.0
03-04-2019,0.05
04-04-2019,0.23
05-04-2019,0.69
06-04-2019,1.1
07-04-2019,1.25
08-04-2019,1.24
09-04-2019,1.09
10-04-2019,0.79
11-04-2019,0.0
12-04-2019,0.0
13-04-2019,0.0
14-04-2019,0.0
15-04-2019,0.17
16-04-2019,0.25
17-04-2019,0.28
18-04-2019,0.31
19-04-2019,0.64
20-04-2019,0.94
21-04-2019,0.94
22-04-2019,0.92
23-04-2019,0.87
24-04-2019,0.86
25-04-2019,0.7
26-04-2019,0.34
27-04-2019,0.0
28-04-2019,0.0
29-04-2019,0.0
30-04-2019,0.02
01-05-2019,0.06
02-05-2019,0.05
03-05-2019,0.16
04-05-2019,0.53
05-05-2019,0.0
06-05-2019,1.08
07-05-2019,1.08
08-05-2019,0.91
09-05-2019,0.43
10-05-2019,0.0
11-05-2019,0.0
12-05-2019,0.0
13-05-2019,0.0
14-05-2019,0.0
15-05-2019,0.0
16-05-2019,0.0
17-05-2019,0.11
18-05-2019,0.43
19-05-2019,0.79
20-05-2019,0.88
21-05-2019,0.83
22-05-2019,0.79
23-05-2019,0.67
24-05-2019,0.34
25-05-2019,0.0
26-05-2019,0.0
27-05-2019,0.0
28-05-2019,0.0
29-05-2019,0.0
30-05-2019,0.0
31-05-2019,0.0
01-06-2019,1.03
02-06-2019,1.07
03-06-2019,0.98
04-06-2019,0.85
05-06-2019,0.56
06-06-2019,-0.01
07-06-2019,-0.11
08-06-2019,-0.1
09-06-2019,-0.06
10-06-2019,0.03
11-06-2019,0.11
12-06-2019,0.29
13-06-2019,0.56
14-06-2019,0.89
15-06-2019,1.11
16-06-2019,1.04
17-06-2019,0.9
18-06-2019,0.57
19-06-2019,0.07
20-06-2019,-0.23
21-06-2019,-0.27
22-06-2019,-0.18
23-06-2019,-0.08
24-06-2019,-0.13
25-06-2019,-0.18
26-06-2019,-0.13
27-06-2019,-0.1
28-06-2019,0.2
29-06-2019,0.75
30-06-2019,0.92
01-07-2019,0.94
02-07-2019,0.88
03-07-2019,0.73
04-07-2019,0.5
05-07-2019,0.1
06-07-2019,-0.09
07-07-2019,0.04
08-07-2019,0.11
09-07-2019,0.17
10-07-2019,0.21
11-07-2019,0.43
12-07-2019,0.68
13-07-2019,1.04
14-07-2019,1.1
15-07-2019,1.03
16-07-2019,0.9
17-07-2019,0.7
18-07-2019,0.52
19-07-2019,-0.12
20-07-2019,-0.24
21-07-2019,-0.26
22-07-2019,-0.21
23-07-2019,-0.21
24-07-2019,-0.24
25-07-2019,-0.24
26-07-2019,-0.05
27-07-2019,0.23
28-07-2019,0.71
29-07-2019,1.01
30-07-2019,1.01
31-07-2019,0.97
01-08-2019,0.89
02-08-2019,0.88
03-08-2019,0.38
04-08-2019,0.31
05-08-2019,0.45
06-08-2019,0.51
07-08-2019,0.48
08-08-2019,0.61
09-08-2019,0.66
10-08-2019,0.98
11-08-2019,1.3
12-08-2019,1.59
13-08-2019,1.52
14-08-2019,1.42
15-08-2019,1.19
16-08-2019,0.92
17-08-2019,0.61
18-08-2019,0.44
19-08-2019,0.39
20-08-2019,0.39
21-08-2019,0.39
22-08-2019,0.55
23-08-2019,0.73
24-08-2019,0.95
25-08-2019,1.15
26-08-2019,1.33
27-08-2019,1.69
28-08-2019,1.81
29-08-2019,1.91
30-08-2019,1.94
31-08-2019,1.9
01-09-2019,1.66
02-09-2019,1.53
03-09-2019,1.6
04-09-2019,0.0
05-09-2019,1.83
06-09-2019,1.95
07-09-2019,2.06
08-09-2019,2.06
09-09-2019,2.32
10-09-2019,2.48
11-09-2019,2.52
12-09-2019,2.56
13-09-2019,2.61
14-09-2019,2.67
15-09-2019,2.7
16-09-2019,2.74
17-09-2019,2.79
18-09-2019,2.81
19-09-2019,2.84
20-09-2019,2.88
21-09-2019,2.91
22-09-2019,2.92
23-09-2019,2.93
24-09-2019,3.01
25-09-2019,3.13
26-09-2019,3.14
27-09-2019,3.12
28-09-2019,3.1
29-09-2019,3.03
30-09-2019,2.92
01-10-2019,2.76
02-10-2019,2.63
03-10-2019,2.52
04-10-2019,2.43
05-10-2019,2.35
06-10-2019,2.3
07-10-2019,2.28
08-10-2019,2.33
09-10-2019,2.34
10-10-2019,2.32
11-10-2019,2.3
12-10-2019,2.28
13-10-2019,2.21
14-10-2019,2.12
15-10-2019,1.96
16-10-2019,1.79
17-10-2019,1.68
18-10-2019,1.6
19-10-2019,1.59
20-10-2019,1.6
21-10-2019,1.63
22-10-2019,1.64
23-10-2019,1.7
24-10-2019,1.77
25-10-2019,1.99
26-10-2019,2.06
27-10-2019,2.12
28-10-2019,2.1
29-10-2019,2.0
30-10-2019,1.9
31-10-2019,1.61
01-11-2019,1.32
02-11-2019,1.22
03-11-2019,1.23
04-11-2019,1.27
05-11-2019,1.37
06-11-2019,1.56
07-11-2019,1.66
08-11-2019,0.0
09-11-2019,0.0
10-11-2019,0.0
11-11-2019,1.78
12-11-2019,1.73
13-11-2019,1.7
14-11-2019,1.63
15-11-2019,1.55
16-11-2019,1.39
17-11-2019,1.16
18-11-2019,1.08
19-11-2019,1.14
20-11-2019,1.27
21-11-2019,1.35
22-11-2019,1.41
23-11-2019,1.54
24-11-2019,1.7
25-11-2019,1.81
26-11-2019,1.81
27-11-2019,1.8
28-11-2019,1.74
29-11-2019,1.57
30-11-2019,1.34
01-12-2019,1.22
02-12-2019,1.16
03-12-2019,1.24
04-12-2019,1.21
05-12-2019,1.16
06-12-2019,1.09
07-12-2019,1.36
08-12-2019,1.53
09-12-2019,1.52
10-12-2019,1.52
11-12-2019,1.6
12-12-2019,1.64
13-12-2019,1.62
14-12-2019,1.54
15-12-2019,1.44
16-12-2019,1.25
17-12-2019,0.97
18-12-2019,0.84
19-12-2019,0.84
20-12-2019,0.87
21-12-2019,0.98
22-12-2019,1.09
23-12-2019,1.28
24-12-2019,1.47
25-12-2019,1.52
26-12-2019,1.5
27-12-2019,1.49
28-12-2019,1.5
29-12-2019,1.24
30-12-2019,0.97
31-12-2019,0.79
01-01-2020,1.77
02-01-2020,1.64
03-01-2020,1.38
04-01-2020,1.2
05-01-2020,1.01
06-01-2020,1.01
07-01-2020,1.1
08-01-2020,1.13
09-01-2020,1.26
10-01-2020,1.44
11-01-2020,1.56
12-01-2020,1.8
13-01-2020,1.91
14-01-2020,1.86
15-01-2020,1.69
16-01-2020,1.48
17-01-2020,1.01
18-01-2020,0.8
19-01-2020,0.69
20-01-2020,0.54
21-01-2020,0.55
22-01-2020,0.58
23-01-2020,0.62
24-01-2020,0.84
25-01-2020,0.93
26-01-2020,1.03
27-01-2020,1.28
28-01-2020,1.49
29-01-2020,1.6
30-01-2020,1.63
31-01-2020,1.46
01-02-2020,1.17
02-02-2020,0.68
03-02-2020,0.43
04-02-2020,0.44
05-02-2020,0.42
06-02-2020,0.52
07-02-2020,0.61
08-02-2020,0.8
09-02-2020,1.11
10-02-2020,1.34
11-02-2020,1.5
12-02-2020,1.5
13-02-2020,1.47
14-02-2020,1.28
15-02-2020,0.86
16-02-2020,0.4
17-02-2020,0.13
18-02-2020,0.23
19-02-2020,0.24
20-02-2020,0.38
21-02-2020,0.4
22-02-2020,0.43
23-02-2020,0.55
24-02-2020,0.78
25-02-2020,0.98
26-02-2020,1.24
27-02-2020,1.31
28-02-2020,1.3
01-03-2020,1.17
02-03-2020,0.75
03-03-2020,0.03
04-03-2020,-0.02
05-03-2020,0.05
06-03-2020,0.07
07-03-2020,0.12
08-03-2020,0.36
09-03-2020,0.58
10-03-2020,0.84
11-03-2020,1.21
12-03-2020,1.41
13-03-2020,0.0
14-03-2020,1.35
15-03-2020,1.22
16-03-2020,0.81
17-03-2020,0.16
18-03-2020,-0.12
19-03-2020,-0.14
20-03-2020,-0.13
21-03-2020,-0.13
22-03-2020,0.0
23-03-2020,0.34
24-03-2020,0.55
25-03-2020,0.66
26-03-2020,1.0
27-03-2020,1.33
28-03-2020,1.41
29-03-2020,1.3
30-03-2020,1.12
31-03-2020,0.61
01-04-2020,-0.23
02-04-2020,-0.27
03-04-2020,-0.22
04-04-2020,-0.15
05-04-2020,-0.03
06-04-2020,0.25
07-04-2020,0.37
08-04-2020,0.57
09-04-2020,1.03
10-04-2020,1.18
11-04-2020,1.25
12-04-2020,1.18
13-04-2020,1.02
14-04-2020,0.73
15-04-2020,0.13
16-04-2020,-0.19
17-04-2020,-0.29
18-04-2020,-0.27
19-04-2020,-0.23
20-04-2020,-0.2
21-04-2020,-0.13
22-04-2020,0.0
23-04-2020,0.2
24-04-2020,0.57
25-04-2020,1.0
26-04-2020,1.18
27-04-2020,1.18
28-04-2020,1.04
29-04-2020,0.7
30-04-2020,-0.1
01-05-2020,-0.09
02-05-2020,-0.04
03-05-2020,0.03
04-05-2020,0.09
05-05-2020,0.2
06-05-2020,0.32
07-05-2020,0.56
08-05-2020,1.0
09-05-2020,1.15
10-05-2020,1.14
11-05-2020,1.08
12-05-2020,0.93
13-05-2020,0.69
14-05-2020,0.36
15-05-2020,-0.22
16-05-2020,-0.32
17-05-2020,-0.32
18-05-2020,-0.28
19-05-2020,-0.24
20-05-2020,-0.18
21-05-2020,-0.1
22-05-2020,0.1
23-05-2020,0.4
24-05-2020,1.01
25-05-2020,1.01
26-05-2020,1.17
27-05-2020,0.0
28-05-2020,0.63
29-05-2020,-0.15
30-05-2020,-0.13
31-05-2020,-0.13
01-06-2020,0.07
02-06-2020,0.42
03-06-2020,0.93
04-06-2020,1.06
05-06-2020,1.02
06-06-2020,0.87
07-06-2020,0.49
08-06-2020,0.0
09-06-2020,0.0
10-06-2020,0.0
11-06-2020,0.0
12-06-2020,0.0
13-06-2020,0.0
14-06-2020,0.0
15-06-2020,0.0
16-06-2020,0.28
17-06-2020,0.71
18-06-2020,0.92
19-06-2020,0.93
20-06-2020,0.87
21-06-2020,0.72
22-06-2020,0.58
23-06-2020,0.12
24-06-2020,0.0
25-06-2020,0.0
26-06-2020,0.0
27-06-2020,0.0
28-06-2020,0.0
29-06-2020,0.0
30-06-2020,0.25
01-07-2020,0.57
02-07-2020,1.02
03-07-2020,1.11
04-07-2020,1.06
05-07-2020,0.89
06-07-2020,0.58
07-07-2020,0.1
08-07-2020,0.0
09-07-2020,0.0
10-07-2020,0.0
11-07-2020,0.0
12-07-2020,0.0
13-07-2020,0.0
14-07-2020,0.02
15-07-2020,0.31
16-07-2020,0.72
17-07-2020,1.06
18-07-2020,1.12
19-07-2020,1.04
20-07-2020,0.96
21-07-2020,0.84
22-07-2020,0.6
23-07-2020,0.0
24-07-2020,0.0
25-07-2020,0.0
26-07-2020,0.09
27-07-2020,0.17
28-07-2020,0.28
29-07-2020,0.41
30-07-2020,0.67
31-07-2020,1.06
01-08-2020,1.01
02-08-2020,0.99
03-08-2020,1.01
04-08-2020,1.02
05-08-2020,0.54
06-08-2020,0.19
07-08-2020,0.24
08-08-2020,0.26
09-08-2020,0.27
10-08-2020,0.44
11-08-2020,0.62
12-08-2020,0.76
13-08-2020,0.94
14-08-2020,1.11
15-08-2020,1.35
16-08-2020,1.6
17-08-2020,1.57
18-08-2020,1.53
19-08-2020,1.46
20-08-2020,1.13
21-08-2020,0.87
22-08-2020,0.81
23-08-2020,0.94
24-08-2020,1.05
25-08-2020,1.13
26-08-2020,1.21
27-08-2020,1.27
28-08-2020,1.42
29-08-2020,1.62
30-08-2020,1.79
31-08-2020,1.81
01-09-2020,1.73
02-09-2020,1.59
03-09-2020,1.34
04-09-2020,1.19
05-09-2020,1.0
06-09-2020,0.92
07-09-2020,0.9
08-09-2020,0.87
09-09-2020,0.88
10-09-2020,0.91
11-09-2020,1.04
12-09-2020,1.22
13-09-2020,1.49
14-09-2020,1.71
15-09-2020,1.79
16-09-2020,1.71
17-09-2020,1.64
18-09-2020,1.49
19-09-2020,1.36
20-09-2020,1.17
21-09-2020,1.08
22-09-2020,1.25
23-09-2020,1.41
24-09-2020,1.47
25-09-2020,1.52
26-09-2020,1.61
27-09-2020,1.95
28-09-2020,2.03
29-09-2020,1.96
30-09-2020,2.02
01-10-2020,1.93
02-10-2020,1.88
03-10-2020,1.68
04-10-2020,1.51
05-10-2020,1.45
06-10-2020,1.39
07-10-2020,1.41
08-10-2020,1.43
09-10-2020,1.48
10-10-2020,1.6
11-10-2020,1.73
12-10-2020,1.93
13-10-2020,2.03
14-10-2020,2.27
15-10-2020,2.4
16-10-2020,2.48
17-10-2020,2.51
18-10-2020,2.49
19-10-2020,2.35
20-10-2020,2.24
21-10-2020,2.26
22-10-2020,2.36
23-10-2020,2.4
24-10-2020,2.41
25-10-2020,2.47
26-10-2020,2.54
27-10-2020,2.58
28-10-2020,2.56
29-10-2020,2.5
30-10-2020,2.52
31-10-2020,2.56
01-11-2020,2.52
02-11-2020,2.5
03-11-2020,2.41
04-11-2020,2.32
05-11-2020,2.18
06-11-2020,2.12
07-11-2020,2.09
08-11-2020,2.11
09-11-2020,2.12
10-11-2020,2.07
11-11-2020,2.15
12-11-2020,2.3
13-11-2020,2.49
14-11-2020,2.5
15-11-2020,2.55
16-11-2020,2.52
17-11-2020,2.39
18-11-2020,2.17
19-11-2020,1.93
20-11-2020,1.82
21-11-2020,1.75
22-11-2020,1.74
23-11-2020,1.74
24-11-2020,1.78
25-11-2020,1.86
26-11-2020,1.92
27-11-2020,1.94
28-11-2020,1.9
29-11-2020,1.98
30-11-2020,1.98
01-12-2020,1.88
02-12-2020,1.88
03-12-2020,1.73
04-12-2020,1.7
05-12-2020,1.47
06-12-2020,1.34
07-12-2020,1.31
08-12-2020,1.35
09-12-2020,1.35
10-12-2020,1.42
11-12-2020,1.51
12-12-2020,1.71
13-12-2020,1.95
14-12-2020,2.0
15-12-2020,2.04
16-12-2020,1.94
17-12-2020,1.81
18-12-2020,1.55
19-12-2020,1.31
20-12-2020,1.28
21-12-2020,1.18
22-12-2020,1.13
23-12-2020,1.16
24-12-2020,1.36
25-12-2020,1.42
26-12-2020,1.45
27-12-2020,1.45
28-12-2020,1.55
29-12-2020,1.59
30-12-2020,1.65
31-12-2020,1.65
01-01-2021,1.68
02-01-2021,1.86
03-01-2021,1.95
04-01-2021,1.93
05-01-2021,1.8
06-01-2021,1.42
07-01-2021,1.0
08-01-2021,0.85
09-01-2021,0.75
10-01-2021,0.76
11-01-2021,0.84
12-01-2021,0.98
13-01-2021,0.97
14-01-2021,1.01
15-01-2021,1.2
16-01-2021,1.33
17-01-2021,1.52
18-01-2021,1.56
19-01-2021,1.64
20-01-2021,1.54
21-01-2021,1.34
22-01-2021,1.0
23-01-2021,0.64
24-01-2021,0.46
25-01-2021,0.45
26-01-2021,0.52
27-01-2021,0.6
28-01-2021,0.72
29-01-2021,0.86
30-01-2021,1.12
31-01-2021,1.47
01-02-2021,1.72
02-02-2021,1.78
03-02-2021,1.61
04-02-2021,1.37
05-02-2021,1.02
06-02-2021,0.71
07-02-2021,0.54
08-02-2021,0.46
09-02-2021,0.58
10-02-2021,0.62
11-02-2021,0.7
12-02-2021,0.77
13-02-2021,0.94
14-02-2021,1.07
15-02-2021,0.0
16-02-2021,1.51
17-02-2021,1.48
18-02-2021,1.42
19-02-2021,1.16
20-02-2021,0.78
21-02-2021,0.29
22-02-2021,0.3
23-02-2021,0.28
24-02-2021,0.42
25-02-2021,0.58
26-02-2021,0.76
27-02-2021,0.94
28-02-2021,1.13
01-03-2021,1.51
02-03-2021,1.59
03-03-2021,1.18
04-03-2021,1.42
05-03-2021,1.07
06-03-2021,0.4
07-03-2021,0.0
08-03-2021,0.1
09-03-2021,0.14
10-03-2021,0.17
11-03-2021,0.15
12-03-2021,0.26
13-03-2021,0.4
14-03-2021,0.56
15-03-2021,0.72
16-03-2021,1.09
17-03-2021,1.26
18-03-2021,1.3
19-03-2021,1.18
20-03-2021,1.0
21-03-2021,0.6
22-03-2021,-0.03
23-03-2021,-0.03
24-03-2021,0.03
25-03-2021,0.1
26-03-2021,0.15
27-03-2021,0.26
28-03-2021,0.41
29-03-2021,0.76
30-03-2021,1.27
31-03-2021,1.5
01-04-2021,1.46
02-04-2021,1.38
03-04-2021,1.19
04-04-2021,0.92
05-04-2021,0.41
06-04-2021,0.35
07-04-2021,0.23
08-04-2021,0.27
09-04-2021,0.22
10-04-2021,0.25
11-04-2021,0.25
12-04-2021,0.28
13-04-2021,0.48
14-04-2021,0.86
15-04-2021,1.18
16-04-2021,1.24
17-04-2021,1.2
18-04-2021,1.11
19-04-2021,0.82
20-04-2021,0.04
21-04-2021,0.0
22-04-2021,0.05
23-04-2021,0.12
24-04-2021,0.15
25-04-2021,0.22
26-04-2021,0.32
27-04-2021,0.64
28-04-2021,1.09
29-04-2021,1.15
30-04-2021,1.09
01-05-2021,1.02
02-05-2021,0.78
03-05-2021,0.33
04-05-2021,0.1
05-05-2021,0.08
06-05-2021,0.15
07-05-2021,0.23
08-05-2021,0.32
09-05-2021,0.29
10-05-2021,0.29
11-05-2021,0.33
12-05-2021,0.51
13-05-2021,0.93
14-05-2021,1.21
15-05-2021,1.25
16-05-2021,1.19
17-05-2021,0.94
18-05-2021,0.43
19-05-2021,-0.05
20-05-2021,0.02
21-05-2021,0.12
22-05-2021,0.22
23-05-2021,0.27
24-05-2021,0.31
25-05-2021,0.48
26-05-2021,0.76
27-05-2021,1.23
28-05-2021,1.31
29-05-2021,1.31
30-05-2021,1.25
31-05-2021,1.12
01-06-2021,0.0
02-06-2021,0.0
03-06-2021,0.0
04-06-2021,0.0
05-06-2021,0.23
06-06-2021,0.6
07-06-2021,0.87
08-06-2021,0.84
09-06-2021,0.82
10-06-2021,0.72
11-06-2021,0.46
12-06-2021,0.0
13-06-2021,0.0
14-06-2021,0.0
15-06-2021,0.0
16-06-2021,0.0
17-06-2021,0.0
18-06-2021,0.1
19-06-2021,0.22
20-06-2021,0.4
21-06-2021,0.71
22-06-2021,1.16
23-06-2021,1.42
24-06-2021,1.32
25-06-2021,1.13
26-06-2021,0.57
27-06-2021,0.11
28-06-2021,0.06
29-06-2021,0.04
30-06-2021,0.01
01-07-2021,0.0
02-07-2021,0.02
03-07-2021,0.07
04-07-2021,0.33
05-07-2021,0.7
06-07-2021,1.0
07-07-2021,1.06
08-07-2021,1.03
09-07-2021,0.98
10-07-2021,0.88
11-07-2021,0.64
12-07-2021,0.1
13-07-2021,0.0
14-07-2021,0.07
15-07-2021,0.17
16-07-2021,0.21
17-07-2021,0.27
18-07-2021,0.36
19-07-2021,0.51
20-07-2021,0.85
21-07-2021,1.35
22-07-2021,1.49
23-07-2021,1.43
24-07-2021,1.22
25-07-2021,0.82
26-07-2021,0.27
27-07-2021,0.33
28-07-2021,0.52
29-07-2021,0.78
30-07-2021,0.89
31-07-2021,0.9
01-08-2021,0.91
02-08-2021,0.99
03-08-2021,1.12
04-08-2021,1.32
05-08-2021,1.4
06-08-2021,1.46
07-08-2021,1.43
08-08-2021,1.24
09-08-2021,1.1
10-08-2021,0.77
11-08-2021,0.66
12-08-2021,0.62
13-08-2021,0.66
14-08-2021,0.68
15-08-2021,0.76
16-08-2021,0.83
17-08-2021,1.02
18-08-2021,1.27
19-08-2021,1.59
20-08-2021,1.73
21-08-2021,1.62
22-08-2021,1.5
23-08-2021,1.26
24-08-2021,0.0
25-08-2021,0.79
26-08-2021,0.74
27-08-2021,0.72
28-08-2021,0.77
29-08-2021,0.84
30-08-2021,0.93
31-08-2021,1.04
01-09-2021,1.19
02-09-2021,1.46
03-09-2021,1.68
04-09-2021,1.68
05-09-2021,1.64
06-09-2021,1.59
07-09-2021,1.55
08-09-2021,1.37
09-09-2021,1.17
10-09-2021,1.04
11-09-2021,1.03
12-09-2021,1.08
13-09-2021,1.18
14-09-2021,1.32
15-09-2021,1.55
16-09-2021,1.79
17-09-2021,2.01
18-09-2021,2.09
19-09-2021,2.1
20-09-2021,1.97
21-09-2021,1.9
22-09-2021,1.78
23-09-2021,1.56
24-09-2021,1.46
25-09-2021,1.42
26-09-2021,1.45
27-09-2021,1.6
28-09-2021,1.73
29-09-2021,1.78
30-09-2021,1.84
01-10-2021,1.89
02-10-2021,2.02
03-10-2021,2.02
04-10-2021,2.2
05-10-2021,2.23
06-10-2021,2.24
07-10-2021,2.18
08-10-2021,2.03
09-10-2021,1.83
10-10-2021,1.8
11-10-2021,1.8
12-10-2021,1.87
13-10-2021,1.85
14-10-2021,1.98
15-10-2021,2.15
16-10-2021,2.29
17-10-2021,2.35
18-10-2021,2.46
19-10-2021,2.46
20-10-2021,2.42
21-10-2021,2.41
22-10-2021,2.38
23-10-2021,2.32
24-10-2021,2.25
25-10-2021,2.22
26-10-2021,2.17
27-10-2021,2.16
28-10-2021,2.12
29-10-2021,2.15
30-10-2021,2.21
31-10-2021,2.3
01-11-2021,2.33
02-11-2021,2.43
03-11-2021,2.5
04-11-2021,2.51
05-11-2021,2.51
06-11-2021,2.45
07-11-2021,2.29
08-11-2021,2.13
09-11-2021,1.96
10-11-2021,1.94
11-11-2021,1.94
12-11-2021,1.98
13-11-2021,2.08
14-11-2021,2.11
15-11-2021,2.14
16-11-2021,2.23
17-11-2021,2.22
18-11-2021,2.21
19-11-2021,2.11
20-11-2021,2.09
21-11-2021,1.97
22-11-2021,1.87
23-11-2021,1.77
24-11-2021,1.79
25-11-2021,1.75
26-11-2021,1.73
27-11-2021,1.71
28-11-2021,1.71
29-11-2021,1.75
30-11-2021,1.84
01-12-2021,1.97
02-12-2021,2.11
03-12-2021,2.22
04-12-2021,2.22
05-12-2021,2.27
06-12-2021,2.16
07-12-2021,2.06
08-12-2021,1.84
09-12-2021,1.55
10-12-2021,1.54
11-12-2021,1.56
12-12-2021,1.51
13-12-2021,1.55
14-12-2021,1.63
15-12-2021,1.62
16-12-2021,1.68
17-12-2021,1.72
18-12-2021,1.75
19-12-2021,1.76
20-12-2021,1.6
21-12-2021,1.59
22-12-2021,1.64
23-12-2021,1.5
24-12-2021,1.26
25-12-2021,1.12
26-12-2021,0.0
27-12-2021,1.02
28-12-2021,1.06
29-12-2021,1.18
30-12-2021,1.33
31-12-2021,1.46
01-01-2022,1.14
02-01-2022,1.22
03-01-2022,1.24
04-01-2022,1.37
05-01-2022,1.44
06-01-2022,1.6
07-01-2022,1.59
08-01-2022,1.59
09-01-2022,1.5
10-01-2022,1.37
11-01-2022,1.17
12-01-2022,0.93
13-01-2022,0.72
14-01-2022,0.61
15-01-2022,0.0
16-01-2022,0.72
17-01-2022,0.91
18-01-2022,1.05
19-01-2022,1.14
20-01-2022,1.35
21-01-2022,1.71
22-01-2022,1.9
23-01-2022,1.91
24-01-2022,1.82
25-01-2022,1.53
26-01-2022,0.94
27-01-2022,0.64
28-01-2022,0.7
29-01-2022,0.86
30-01-2022,0.87
31-01-2022,0.86
01-02-2022,0.93
02-02-2022,0.97
03-02-2022,1.18
04-02-2022,1.35
05-02-2022,1.52
06-02-2022,1.5
07-02-2022,1.43
08-02-2022,1.27
09-02-2022,1.03
10-02-2022,0.67
11-02-2022,0.29
12-02-2022,0.2
13-02-2022,0.19
14-02-2022,0.22
15-02-2022,0.38
16-02-2022,0.75
17-02-2022,1.01
18-02-2022,1.11
19-02-2022,1.46
20-02-2022,1.75
21-02-2022,1.83
22-02-2022,1.64
23-02-2022,1.22
24-02-2022,0.55
25-02-2022,0.36
26-02-2022,0.38
27-02-2022,0.38
28-02-2022,0.42
01-03-2022,0.56
02-03-2022,0.73
03-03-2022,1.03
04-03-2022,1.02
05-03-2022,1.31
06-03-2022,1.38
07-03-2022,1.48
08-03-2022,1.15
09-03-2022,1.23
10-03-2022,1.11
11-03-2022,0.55
12-03-2022,0.07
13-03-2022,-0.01
14-03-2022,0.07
15-03-2022,0.13
16-03-2022,0.21
17-03-2022,0.4
18-03-2022,0.58
19-03-2022,0.84
20-03-2022,1.29
21-03-2022,1.44
22-03-2022,1.37
23-03-2022,1.13
24-03-2022,0.78
25-03-2022,-0.12
26-03-2022,-0.27
27-03-2022,-0.24
28-03-2022,-0.2
29-03-2022,-0.11
30-03-2022,-0.01
31-03-2022,0.08
01-04-2022,0.22
02-04-2022,0.45
03-04-2022,0.8
04-04-2022,1.02
05-04-2022,1.13
06-04-2022,1.07
07-04-2022,0.93
08-04-2022,0.68
09-04-2022,0.19
10-04-2022,-0.22
11-04-2022,-0.2
12-04-2022,-0.18
13-04-2022,-0.07
14-04-2022,0.0
15-04-2022,0.08
16-04-2022,0.26
17-04-2022,0.7
18-04-2022,1.21
19-04-2022,1.23
20-04-2022,1.12
21-04-2022,0.91
22-04-2022,0.59
23-04-2022,-0.13
24-04-2022,-0.46
25-04-2022,-0.42
26-04-2022,-0.23
27-04-2022,-0.11
28-04-2022,-0.01
29-04-2022,0.03
30-04-2022,0.09
01-05-2022,0.46
02-05-2022,1.0
03-05-2022,1.19
04-05-2022,1.18
05-05-2022,1.11
06-05-2022,0.97
07-05-2022,0.79
08-05-2022,0.31
09-05-2022,-0.44
10-05-2022,0.0
11-05-2022,-0.31
12-05-2022,-0.19
13-05-2022,0.81
14-05-2022,0.08
15-05-2022,0.33
16-05-2022,0.78
17-05-2022,1.09
18-05-2022,1.08
19-05-2022,0.96
20-05-2022,0.82
21-05-2022,0.6
22-05-2022,-0.2
23-05-2022,-0.56
24-05-2022,-0.62
25-05-2022,-0.56
26-05-2022,-0.54
27-05-2022,-0.45
28-05-2022,-0.4
29-05-2022,-0.15
30-05-2022,0.1
31-05-2022,0.54
01-06-2022,0.67
02-06-2022,0.4
03-06-2022,0.29
04-06-2022,0.25
05-06-2022,0.23
06-06-2022,0.3
07-06-2022,0.3
08-06-2022,0.31
09-06-2022,0.46
10-06-2022,0.64
11-06-2022,0.97
12-06-2022,1.45
13-06-2022,1.56
14-06-2022,1.5
15-06-2022,1.3
16-06-2022,0.65
17-06-2022,0.23
18-06-2022,0.29
19-06-2022,0.32
20-06-2022,0.31
21-06-2022,0.33
22-06-2022,0.37
23-06-2022,0.51
24-06-2022,0.74
25-06-2022,1.14
26-06-2022,1.34
27-06-2022,1.31
28-06-2022,1.16
29-06-2022,0.9
30-06-2022,0.59
01-07-2022,0.08
02-07-2022,0.0
03-07-2022,0.0
04-07-2022,0.03
05-07-2022,0.08
06-07-2022,0.12
07-07-2022,0.11
08-07-2022,0.25
09-07-2022,0.52
10-07-2022,0.79
11-07-2022,1.25
12-07-2022,1.39
13-07-2022,0.0
14-07-2022,1.31
15-07-2022,0.97
16-07-2022,0.71
17-07-2022,0.77
18-07-2022,0.8
19-07-2022,0.86
20-07-2022,0.89
21-07-2022,0.97
22-07-2022,1.04
23-07-2022,1.2
24-07-2022,1.44
25-07-2022,1.67
26-07-2022,0.0
27-07-2022,0.0
28-07-2022,0.0
29-07-2022,0.0
30-07-2022,0.98
31-07-2022,0.79
01-08-2022,0.76
02-08-2022,0.77
03-08-2022,0.82
04-08-2022,0.83
05-08-2022,0.88
06-08-2022,0.99
07-08-2022,1.16
08-08-2022,1.36
09-08-2022,1.72
10-08-2022,1.81
11-08-2022,1.9
12-08-2022,1.94
13-08-2022,1.64
14-08-2022,1.54
15-08-2022,1.49
16-08-2022,1.49
17-08-2022,1.45
18-08-2022,1.48
19-08-2022,1.52
20-08-2022,1.55
21-08-2022,1.63
22-08-2022,1.8
23-08-2022,1.92
24-08-2022,2.01
25-08-2022,2.04
26-08-2022,2.02
27-08-2022,1.94
28-08-2022,1.87
29-08-2022,1.89
30-08-2022,1.84
31-08-2022,1.81
01-09-2022,1.83
02-09-2022,1.87
03-09-2022,1.91
04-09-2022,1.94
05-09-2022,1.98
06-09-2022,2.18
07-09-2022,2.32
08-09-2022,2.41
09-09-2022,2.38
10-09-2022,2.35
11-09-2022,2.26
12-09-2022,2.16
13-09-2022,2.12
14-09-2022,2.1
15-09-2022,2.06
16-09-2022,2.07
17-09-2022,2.09
18-09-2022,2.13
19-09-2022,2.01
20-09-2022,2.23
21-09-2022,2.37
22-09-2022,2.45
23-09-2022,2.46
24-09-2022,2.48
25-09-2022,2.42
26-09-2022,2.51
27-09-2022,2.48
28-09-2022,2.4
29-09-2022,2.43
30-09-2022,2.51
01-10-2022,2.55
02-10-2022,2.62
03-10-2022,2.7
04-10-2022,2.77
05-10-2022,2.9
06-10-2022,2.99
07-10-2022,3.06
08-10-2022,3.13
09-10-2022,3.15
10-10-2022,3.18
11-10-2022,3.18
12-10-2022,3.14
13-10-2022,3.14
14-10-2022,3.1
15-10-2022,3.08
16-10-2022,3.05
17-10-2022,3.0
18-10-2022,3.0
19-10-2022,3.02
20-10-2022,3.06
21-10-2022,3.11
22-10-2022,3.14
23-10-2022,3.07
24-10-2022,3.06
25-10-2022,3.09
26-10-2022,3.01
27-10-2022,2.97
28-10-2022,2.92
29-10-2022,2.82
30-10-2022,2.72
31-10-2022,2.66
01-11-2022,2.6
02-11-2022,2.59
03-11-2022,2.63
04-11-2022,2.64
05-11-2022,2.68
06-11-2022,2.66
07-11-2022,2.64
08-11-2022,2.57
09-11-2022,2.54
10-11-2022,2.42
11-11-2022,2.29
12-11-2022,2.22
13-11-2022,2.08
14-11-2022,2.01
15-11-2022,1.97
16-11-2022,1.94
17-11-2022,1.96
18-11-2022,1.96
19-11-2022,2.0
20-11-2022,1.97
21-11-2022,2.02
22-11-2022,2.1
23-11-2022,2.17
24-11-2022,2.21
25-11-2022,2.15
26-11-2022,2.0
27-11-2022,1.86
28-11-2022,1.69
29-11-2022,1.61
30-11-2022,1.62
01-12-2022,1.68
02-12-2022,1.74
03-12-2022,1.81
04-12-2022,1.84
05-12-2022,1.96
06-12-2022,2.0
07-12-2022,2.05
08-12-2022,2.0
09-12-2022,2.03
10-12-2022,2.03
11-12-2022,2.0
12-12-2022,1.77
13-12-2022,1.54
14-12-2022,1.47
15-12-2022,1.4
16-12-2022,1.39
17-12-2022,1.38
18-12-2022,1.47
19-12-2022,1.55
20-12-2022,1.56
21-12-2022,1.65
22-12-2022,1.81
23-12-2022,2.0
24-12-2022,2.04
25-12-2022,1.99
26-12-2022,1.87
27-12-2022,1.52
28-12-2022,1.13
29-12-2022,1.03
30-12-2022,1.0
31-12-2022,1.11
01-01-2023,1.15
02-01-2023,0.98
03-01-2023,0.93
04-01-2023,0.96
05-01-2023,1.02
06-01-2023,0.96
07-01-2023,1.02
08-01-2023,1.14
09-01-2023,1.27
10-01-2023,1.39
11-01-2023,1.71
12-01-2023,1.88
13-01-2023,1.91
14-01-2023,1.72
15-01-2023,1.32
16-01-2023,0.86
17-01-2023,0.77
18-01-2023,0.68
19-01-2023,0.67
20-01-2023,0.74
21-01-2023,0.83
22-01-2023,1.01
23-01-2023,1.16
24-01-2023,1.51
25-01-2023,1.74
26-01-2023,1.8
27-01-2023,1.74
28-01-2023,1.56
29-01-2023,0.89
30-01-2023,0.89
31-01-2023,0.53
01-02-2023,0.37
02-02-2023,0.23
03-02-2023,0.24
04-02-2023,0.27
05-02-2023,0.3
06-02-2023,0.46
07-02-2023,0.64
08-02-2023,1.01
09-02-2023,1.4
10-02-2023,1.74
11-02-2023,1.85
12-02-2023,1.65
13-02-2023,1.2
14-02-2023,0.58
15-02-2023,0.26
16-02-2023,0.29
17-02-2023,0.39
18-02-2023,0.39
19-02-2023,0.44
20-02-2023,0.49
21-02-2023,0.65
22-02-2023,0.95
23-02-2023,1.14
24-02-2023,1.27
25-02-2023,1.3
26-02-2023,1.28
27-02-2023,0.0
28-02-2023,0.94
01-03-2023,0.12
02-03-2023,0.13
03-03-2023,0.2
04-03-2023,0.24
05-03-2023,0.18
06-03-2023,0.26
07-03-2023,0.48
08-03-2023,0.83
09-03-2023,1.45
10-03-2023,1.58
11-03-2023,1.54
12-03-2023,1.35
13-03-2023,1.0
14-03-2023,0.01
15-03-2023,-0.09
16-03-2023,-0.11
17-03-2023,-0.03
18-03-2023,0.02
19-03-2023,0.0
20-03-2023,0.38
21-03-2023,0.69
22-03-2023,1.0
23-03-2023,1.19
24-03-2023,1.25
25-03-2023,1.16
26-03-2023,1.07
27-03-2023,0.93
28-03-2023,0.53
29-03-2023,-0.14
30-03-2023,-0.38
31-03-2023,-0.38
01-04-2023,-0.32
02-04-2023,-0.23
03-04-2023,-0.15
04-04-2023,-0.04
05-04-2023,0.2
06-04-2023,0.69
07-04-2023,1.13
08-04-2023,1.25
09-04-2023,1.14
10-04-2023,1.15
11-04-2023,0.86
12-04-2023,-0.12
13-04-2023,-0.25
14-04-2023,-0.2
15-04-2023,-0.11
16-04-2023,-0.08
17-04-2023,-0.04
18-04-2023,-0.01
19-04-2023,0.25
20-04-2023,0.67
21-04-2023,0.99
22-04-2023,1.01
23-04-2023,0.95
24-04-2023,0.89
25-04-2023,0.78
26-04-2023,0.41
27-04-2023,0.03
28-04-2023,-0.44
29-04-2023,-0.44
30-04-2023,-0.37
01-05-2023,-0.24
02-05-2023,-0.14
03-05-2023,-0.04
04-05-2023,0.24
05-05-2023,0.74
06-05-2023,1.19
07-05-2023,1.28
08-05-2023,1.24
09-05-2023,1.16
10-05-2023,0.8
11-05-2023,-0.14
12-05-2023,-0.29
13-05-2023,-0.21
14-05-2023,-0.14
15-05-2023,-0.09
16-05-2023,-0.07
17-05-2023,0.07
18-05-2023,0.3
19-05-2023,0.74
20-05-2023,1.06
21-05-2023,0.0
22-05-2023,0.0
23-05-2023,0.0
24-05-2023,0.0
25-05-2023,0.0
26-05-2023,0.0
27-05-2023,0.0
28-05-2023,0.0
29-05-2023,0.0
30-05-2023,0.0
31-05-2023,0.0
01-06-2023,0.88
02-06-2023,0.98
03-06-2023,0.96
04-06-2023,0.8
05-06-2023,0.61
06-06-2023,0.0
07-06-2023,0.0
08-06-2023,0.0
09-06-2023,0.0
10-06-2023,0.0
11-06-2023,0.0
12-06-2023,0.0
13-06-2023,0.26
14-06-2023,0.7
15-06-2023,1.06
16-06-2023,1.11
17-06-2023,1.03
18-06-2023,0.9
19-06-2023,0.51
20-06-2023,0.02
21-06-2023,0.0
22-06-2023,0.0
23-06-2023,0.0
24-06-2023,0.0
25-06-2023,0.0
26-06-2023,0.0
27-06-2023,0.0
28-06-2023,0.19
29-06-2023,0.55
30-06-2023,0.98
01-07-2023,1.16
02-07-2023,1.16
03-07-2023,1.1
04-07-2023,0.9
05-07-2023,0.37
06-07-2023,0.0
07-07-2023,0.09
08-07-2023,0.21
09-07-2023,0.29
10-07-2023,0.3
11-07-2023,0.4
12-07-2023,0.54
13-07-2023,0.88
14-07-2023,1.14
15-07-2023,1.17
16-07-2023,1.06
17-07-2023,0.89
18-07-2023,0.66
19-07-2023,0.42
20-07-2023,0.11
21-07-2023,0.21
22-07-2023,0.34
23-07-2023,0.45
24-07-2023,0.49
25-07-2023,0.52
26-07-2023,0.57
27-07-2023,0.68
28-07-2023,0.94
29-07-2023,1.26
30-07-2023,1.65
31-07-2023,1.79
01-08-2023,1.72
02-08-2023,1.58
03-08-2023,1.25
04-08-2023,1.17
05-08-2023,1.32
06-08-2023,1.45
07-08-2023,1.48
08-08-2023,1.51
09-08-2023,1.51
10-08-2023,1.53
11-08-2023,1.6
12-08-2023,1.74
13-08-2023,1.79
14-08-2023,1.81
15-08-2023,1.74
16-08-2023,1.63
17-08-2023,1.48
18-08-2023,1.34
19-08-2023,1.34
20-08-2023,0.0
21-08-2023,1.38
22-08-2023,1.37
23-08-2023,1.37
24-08-2023,1.37
25-08-2023,1.39
26-08-2023,1.5
27-08-2023,1.69
28-08-2023,1.92
29-08-2023,2.02
30-08-2023,1.98
31-08-2023,1.93
01-09-2023,1.75
02-09-2023,1.52
03-09-2023,1.45
04-09-2023,1.55
05-09-2023,1.61
06-09-2023,1.61
07-09-2023,1.64
08-09-2023,1.74
09-09-2023,1.86
10-09-2023,1.97
11-09-2023,2.01
12-09-2023,2.0
13-09-2023,2.01
14-09-2023,1.96
15-09-2023,1.94
16-09-2023,1.88
17-09-2023,1.91
18-09-2023,1.93
19-09-2023,1.96
20-09-2023,2.01
21-09-2023,2.07
22-09-2023,2.12
23-09-2023,2.15
24-09-2023,2.23
25-09-2023,2.31
26-09-2023,2.48
27-09-2023,2.51
28-09-2023,2.53
29-09-2023,2.65
30-09-2023,2.6
01-10-2023,2.55
02-10-2023,2.47
03-10-2023,2.52
04-10-2023,2.52
05-10-2023,2.53
06-10-2023,2.52
07-10-2023,2.53
08-10-2023,2.55
09-10-2023,2.62
10-10-2023,2.72
11-10-2023,2.78
12-10-2023,2.81
13-10-2023,2.79
14-10-2023,2.8
15-10-2023,0.0
16-10-2023,2.75
17-10-2023,2.72
18-10-2023,2.67
19-10-2023,2.62
20-10-2023,2.61
21-10-2023,2.61
22-10-2023,2.62
23-10-2023,2.66
24-10-2023,2.71
25-10-2023,0.0
26-10-2023,2.79
27-10-2023,2.85
28-10-2023,2.89
29-10-2023,2.86
30-10-2023,2.78
31-10-2023,2.71
01-11-2023,2.54
02-11-2023,2.46
03-11-2023,2.36
04-11-2023,2.31
05-11-2023,2.26
06-11-2023,2.21
07-11-2023,2.22
08-11-2023,2.23
09-11-2023,2.25
10-11-2023,2.3
11-11-2023,2.3
12-11-2023,2.36
13-11-2023,2.34
14-11-2023,2.27
15-11-2023,2.18
16-11-2023,2.11
17-11-2023,2.12
18-11-2023,2.03
19-11-2023,1.98
20-11-2023,1.96
21-11-2023,1.96
22-11-2023,1.97
23-11-2023,2.01
24-11-2023,2.0
25-11-2023,2.17
26-11-2023,2.19
27-11-2023,2.19
28-11-2023,2.19
29-11-2023,2.13
30-11-2023,1.95
01-12-2023,1.84
02-12-2023,1.63
03-12-2023,1.59
04-12-2023,1.5
05-12-2023,1.51
06-12-2023,1.49
07-12-2023,1.54
08-12-2023,1.6
09-12-2023,1.5
10-12-2023,1.57
11-12-2023,1.71
12-12-2023,1.79
13-12-2023,1.87
14-12-2023,1.85
15-12-2023,1.83
16-12-2023,1.71
17-12-2023,1.53
18-12-2023,1.33
19-12-2023,1.19
20-12-2023,1.19
21-12-2023,1.27
22-12-2023,1.42
23-12-2023,0.0
24-12-2023,1.54
25-12-2023,1.78
26-12-2023,0.0
27-12-2023,1.91
28-12-2023,0.0
29-12-2023,0.0
30-12-2023,1.7
31-12-2023,1.37
01-01-2024,1.77
02-01-2024,1.79
03-01-2024,1.58
04-01-2024,1.24
05-01-2024,0.95
06-01-2024,0.79
07-01-2024,0.76
08-01-2024,0.78
09-01-2024,0.88
10-01-2024,0.98
11-01-2024,1.33
12-01-2024,1.52
13-01-2024,1.76
14-01-2024,1.84
15-01-2024,1.78
16-01-2024,1.71
17-01-2024,1.48
18-01-2024,1.19
19-01-2024,0.78
20-01-2024,0.61
21-01-2024,0.56
22-01-2024,0.51
23-01-2024,0.54
24-01-2024,0.57
25-01-2024,0.7
26-01-2024,0.8
27-01-2024,1.14
28-01-2024,0.0
29-01-2024,0.0
30-01-2024,0.0
31-01-2024,0.0
01-02-2024,0.0
02-02-2024,0.0
03-02-2024,0.0
04-02-2024,0.24
05-02-2024,0.37
06-02-2024,0.36
07-02-2024,0.48
08-02-2024,0.66
09-02-2024,0.93
10-02-2024,1.09
11-02-2024,1.4
12-02-2024,0.0
13-02-2024,0.0
14-02-2024,0.0
15-02-2024,0.0
16-02-2024,0.0
17-02-2024,0.0
18-02-2024,0.13
19-02-2024,0.06
20-02-2024,0.09
21-02-2024,0.16
22-02-2024,0.26
23-02-2024,0.42
24-02-2024,0.0
25-02-2024,0.98
26-02-2024,1.21
27-02-2024,1.57
28-02-2024,1.68
01-03-2024,1.6
02-03-2024,1.35
03-03-2024,0.81
04-03-2024,-0.12
05-03-2024,0.0
06-03-2024,-0.09
07-03-2024,0.0
08-03-2024,0.34
09-03-2024,0.58
10-03-2024,0.76
11-03-2024,0.99
12-03-2024,1.33
13-03-2024,1.47
14-03-2024,1.42
15-03-2024,1.32
16-03-2024,1.1
17-03-2024,0.72
18-03-2024,0.5
19-03-2024,0.29
20-03-2024,0.18
21-03-2024,0.13
22-03-2024,0.14
23-03-2024,0.28
24-03-2024,0.33
25-03-2024,0.45
26-03-2024,0.53
27-03-2024,0.94
28-03-2024,1.33
29-03-2024,1.41
30-03-2024,1.39
31-03-2024,0.0
01-04-2024,0.79
02-04-2024,0.11
03-04-2024,0.19
04-04-2024,0.19
05-04-2024,0.2
06-04-2024,0.18
07-04-2024,0.33
08-04-2024,0.55
09-04-2024,0.7
10-04-2024,1.1
11-04-2024,1.22
12-04-2024,1.19
13-04-2024,1.11
14-04-2024,1.01
15-04-2024,0.84
16-04-2024,0.58
17-04-2024,-0.09
18-04-2024,-0.27
19-04-2024,-0.27
20-04-2024,-0.24
21-04-2024,-0.17
22-04-2024,-0.09
23-04-2024,-0.03
24-04-2024,0.22
25-04-2024,0.75
26-04-2024,1.11
27-04-2024,1.2
28-04-2024,0.0
29-04-2024,1.0
30-04-2024,0.6
01-05-2024,-0.26
02-05-2024,-0.21
03-05-2024,-0.14
04-05-2024,-0.1
05-05-2024,-0.06
06-05-2024,-0.04
07-05-2024,0.12
08-05-2024,0.54
09-05-2024,0.86
10-05-2024,1.0
11-05-2024,0.99
12-05-2024,0.0
13-05-2024,0.9
14-05-2024,0.71
15-05-2024,0.31
16-05-2024,-0.25
17-05-2024,-0.28
18-05-2024,-0.26
19-05-2024,0.0
20-05-2024,-0.15
21-05-2024,-0.09
22-05-2024,0.01
23-05-2024,0.31
24-05-2024,0.84
25-05-2024,1.29
26-05-2024,0.0
27-05-2024,1.31
28-05-2024,1.11
29-05-2024,0.52
30-05-2024,0.07
31-05-2024,0.06
01-06-2024,0.04
02-06-2024,0.4
03-06-2024,0.92
04-06-2024,1.27
05-06-2024,1.28
06-06-2024,1.16
07-06-2024,0.94
08-06-2024,0.63
09-06-2024,0.0
10-06-2024,0.0
11-06-2024,0.0
12-06-2024,0.0
13-06-2024,0.0
14-06-2024,0.0
15-06-2024,0.0
16-06-2024,0.0
17-06-2024,0.43
18-06-2024,0.87
19-06-2024,1.01
20-06-2024,1.02
21-06-2024,0.87
22-06-2024,0.85
23-06-2024,0.35
24-06-2024,0.0
25-06-2024,0.0
26-06-2024,0.0
27-06-2024,0.0
28-06-2024,0.21
29-06-2024,0.31
30-06-2024,0.47
01-07-2024,0.66
02-07-2024,1.01
03-07-2024,1.44
04-07-2024,1.5
05-07-2024,1.32
06-07-2024,1.02
07-07-2024,0.86
08-07-2024,0.4
09-07-2024,0.0
10-07-2024,0.41
11-07-2024,0.4
12-07-2024,0.36
13-07-2024,0.34
14-07-2024,0.32
15-07-2024,0.55
16-07-2024,0.77
17-07-2024,1.08
18-07-2024,1.47
19-07-2024,1.67
20-07-2024,1.74
21-07-2024,1.75
22-07-2024,1.54
23-07-2024,1.28
24-07-2024,1.29
25-07-2024,0.0
26-07-2024,1.5
27-07-2024,1.56
28-07-2024,1.59
29-07-2024,1.65
30-07-2024,1.74
31-07-2024,1.91
01-08-2024,2.09
02-08-2024,2.13
03-08-2024,1.72
04-08-2024,1.89
05-08-2024,1.71
06-08-2024,0.63
07-08-2024,1.49
08-08-2024,1.47
09-08-2024,1.48
10-08-2024,1.47
11-08-2024,1.49
12-08-2024,1.51
13-08-2024,1.51
14-08-2024,1.59
15-08-2024,1.77
16-08-2024,1.95
17-08-2024,2.07
18-08-2024,2.11
19-08-2024,2.06
20-08-2024,1.88
21-08-2024,1.64
22-08-2024,1.48
23-08-2024,1.5
24-08-2024,1.56
25-08-2024,1.59
26-08-2024,1.65
27-08-2024,1.68
28-08-2024,0.0
29-08-2024,1.96
30-08-2024,0.0
31-08-2024,2.06
01-09-2024,2.11
02-09-2024,2.16
03-09-2024,2.02
04-09-2024,2.0
05-09-2024,1.83
06-09-2024,1.82
07-09-2024,1.79
08-09-2024,1.83
09-09-2024,1.84
10-09-2024,1.87
11-09-2024,1.89
12-09-2024,1.94
13-09-2024,2.01
14-09-2024,1.62
15-09-2024,2.3
16-09-2024,2.41
17-09-2024,2.4
18-09-2024,2.52
19-09-2024,2.48
20-09-2024,2.43
21-09-2024,2.43
22-09-2024,2.45
23-09-2024,2.52
24-09-2024,2.59
25-09-2024,2.65
26-09-2024,2.73
27-09-2024,2.82
28-09-2024,2.91
29-09-2024,2.95
30-09-2024,2.94
01-10-2024,2.91
02-10-2024,2.89
03-10-2024,2.88
04-10-2024,2.87
05-10-2024,2.92
06-10-2024,2.89
07-10-2024,2.86
08-10-2024,2.85
09-10-2024,2.84
10-10-2024,2.82
11-10-2024,2.81
12-10-2024,2.84
13-10-2024,3.0
14-10-2024,2.92
15-10-2024,2.96
16-10-2024,2.97
17-10-2024,2.97
18-10-2024,2.96
19-10-2024,2.87
20-10-2024,2.75
21-10-2024,2.62
22-10-2024,2.53
23-10-2024,2.5
24-10-2024,2.5
25-10-2024,0.0
26-10-2024,2.43
27-10-2024,2.44
28-10-2024,2.48
29-10-2024,0.0
30-10-2024,2.45
31-10-2024,2.4
01-11-2024,2.43
02-11-2024,2.41
03-11-2024,2.4
04-11-2024,2.36
05-11-2024,2.26
06-11-2024,2.17
07-11-2024,2.13
08-11-2024,2.13
09-11-2024,2.11
10-11-2024,2.13
11-11-2024,2.15
12-11-2024,2.2
13-11-2024,2.24
14-11-2024,2.38
15-11-2024,0.0
16-11-2024,0.0
17-11-2024,0.0
18-11-2024,0.0
19-11-2024,2.1
20-11-2024,1.78
21-11-2024,1.71
22-11-2024,1.69
23-11-2024,1.68
24-11-2024,1.65
25-11-2024,1.66
26-11-2024,1.72
27-11-2024,1.8
28-11-2024,1.79
29-11-2024,1.76
30-11-2024,1.79
01-12-2024,1.82
02-12-2024,1.88
03-12-2024,1.86
04-12-2024,1.77
05-12-2024,1.5
06-12-2024,1.35
07-12-2024,1.23
08-12-2024,1.23
09-12-2024,1.24
10-12-2024,1.26
11-12-2024,1.28
12-12-2024,1.43
13-12-2024,1.62
14-12-2024,1.85
15-12-2024,1.99
16-12-2024,2.07
17-12-2024,1.97
18-12-2024,1.87
19-12-2024,1.69
20-12-2024,1.38
21-12-2024,1.18
22-12-2024,1.05
23-12-2024,0.97
24-12-2024,0.98
25-12-2024,1.01
26-12-2024,1.16
27-12-2024,0.0
28-12-2024,0.0
29-12-2024,0.0
30-12-2024,0.0
31-12-2024,1.75
01-01-2025,1.36
02-01-2025,1.54
03-01-2025,1.91
04-01-2025,2.05
05-01-2025,1.94
06-01-2025,1.79
07-01-2025,1.57
08-01-2025,1.26
09-01-2025,1.03
10-01-2025,0.86
11-01-2025,0.78
12-01-2025,0.81
13-01-2025,0.89
14-01-2025,0.93
15-01-2025,1.04
16-01-2025,1.2
17-01-2025,1.29
18-01-2025,1.43
19-01-2025,0.0
20-01-2025,0.0
21-01-2025,1.56
22-01-2025,1.35
23-01-2025,1.0
24-01-2025,0.77
25-01-2025,0.67
26-01-2025,0.6
27-01-2025,0.63
28-01-2025,0.72
29-01-2025,0.9
30-01-2025,1.03
31-01-2025,1.2
01-02-2025,1.57
02-02-2025,1.84
03-02-2025,1.86
04-02-2025,1.62
05-02-2025,1.29
06-02-2025,0.78
07-02-2025,0.29
08-02-2025,0.28
09-02-2025,0.39
10-02-2025,0.41
11-02-2025,0.45
12-02-2025,0.0
13-02-2025,0.0
14-02-2025,0.0
15-02-2025,0.0
16-02-2025,0.0
17-02-2025,1.57
18-02-2025,1.61
19-02-2025,1.58
20-02-2025,1.34
21-02-2025,0.86
22-02-2025,0.19
23-02-2025,0.03
24-02-2025,0.05
25-02-2025,0.0
26-02-2025,0.0
27-02-2025,0.0
28-02-2025,0.61
01-03-2025,0.91
02-03-2025,1.3
03-03-2025,1.43
04-03-2025,1.43
05-03-2025,1.29
06-03-2025,1.07
07-03-2025,0.69
08-03-2025,0.35
09-03-2025,0.24
10-03-2025,0.16
11-03-2025,0.29
12-03-2025,0.4
13-03-2025,0.55
14-03-2025,0.6
15-03-2025,0.78
16-03-2025,0.99
17-03-2025,1.34
18-03-2025,1.5
19-03-2025,1.5
20-03-2025,1.37
21-03-2025,1.11
22-03-2025,0.65
23-03-2025,-0.04
24-03-2025,0.0
25-03-2025,0.0
26-03-2025,0.0
27-03-2025,0.0
28-03-2025,0.0
29-03-2025,0.0
30-03-2025,0.0
31-03-2025,0.0
01-04-2025,0.0
02-04-2025,0.0
03-04-2025,0.0
04-04-2025,0.0
05-04-2025,0.0
06-04-2025,0.0
07-04-2025,0.0
08-04-2025,0.0
09-04-2025,0.0
10-04-2025,0.0
11-04-2025,0.0
12-04-2025,0.0
13-04-2025,0.0
14-04-2025,0.0
15-04-2025,0.0
16-04-2025,0.0
17-04-2025,0.0
18-04-2025,0.0
19-04-2025,0.0
20-04-2025,0.0
21-04-2025,0.0
22-04-2025,0.0
23-04-2025,0.0
24-04-2025,0.0
25-04-2025,0.0
26-04-2025,0.0
27-04-2025,0.0
28-04-2025,0.0
29-04-2025,0.0
30-04-2025,0.0
01-05-2025,0.0
02-05-2025,0.0
03-05-2025,0.0
04-05-2025,0.0
05-05-2025,0.0
06-05-2025,0.0
07-05-2025,0.0
08-05-2025,0.0
09-05-2025,0.0
10-05-2025,0.0
11-05-2025,0.0
12-05-2025,0.0
13-05-2025,0.0
14-05-2025,0.0
15-05-2025,0.0
16-05-2025,0.0
17-05-2025,0.0
18-05-2025,0.0
19-05-2025,0.0
20-05-2025,0.0
21-05-2025,0.0
22-05-2025,0.0
23-05-2025,0.0
24-05-2025,0.0
25-05-2025,0.0
26-05-2025,0.0
27-05-2025,0.0
28-05-2025,0.0
29-05-2025,0.0
30-05-2025,0.0
31-05-2025,0.0
01-11-2025,2.89
02-11-2025,2.94
03-11-2025,3.01
04-11-2025,3.04
05-11-2025,3.08
06-11-2025,3.09
07-11-2025,3.01
08-11-2025,2.95
09-11-2025,2.87
10-11-2025,2.84
11-11-2025,0.0
12-11-2025,2.74
13-11-2025,2.74
14-11-2025,2.81
15-11-2025,2.77
16-11-2025,2.72
17-11-2025,2.65
18-11-2025,2.61
19-11-2025,2.64
20-11-2025,2.6
21-11-2025,2.57
22-11-2025,2.53
23-11-2025,2.55
24-11-2025,2.45
25-11-2025,2.39
26-11-2025,2.36
27-11-2025,2.26
28-11-2025,2.18
29-11-2025,2.14
30-11-2025,2.1
01-12-2025,2.1
02-12-2025,2.09
03-12-2025,0.0
04-12-2025,2.18
05-12-2025,2.39
06-12-2025,2.4
07-12-2025,2.37
08-12-2025,2.17
09-12-2025,1.9
10-12-2025,1.68
11-12-2025,1.63
12-12-2025,1.62
13-12-2025,1.6
14-12-2025,1.61
15-12-2025,1.61
16-12-2025,1.59
17-12-2025,1.61
18-12-2025,1.69
19-12-2025,0.0
20-12-2025,0.0
21-12-2025,0.0
22-12-2025,0.0
23-12-2025,0.0
24-12-2025,1.41
25-12-2025,1.25
26-12-2025,1.27
27-12-2025,1.28
28-12-2025,1.23
29-12-2025,1.2
30-12-2025,1.24
31-12-2025,1.23
-1992,0.0
-2003,0.0
-2006,0.0
-2007,0.41
-2008,0.0
-2009,0.0
-2010,0.0
-2011,0.37
-2012,0.0
-2013,0.0
-2014,0.0
-2015,0.31
-2016,0.0
-2017,0.0
-2018,0.0
-2019,0.06
-2020,0.0
-2021,0.0
-2022,0.0
-2023,0.41
-2024,0.0
-2025,0.0
